time,equity
2026-05-13 05:45:00,1000.0
2026-05-13 06:00:00,1000.0
2026-05-13 06:15:00,1000.0
2026-05-13 06:30:00,1000.0
2026-05-13 06:45:00,1000.0
2026-05-13 07:00:00,1000.0
2026-05-13 07:15:00,1000.0
2026-05-13 07:30:00,1000.0
2026-05-13 07:45:00,1000.0
2026-05-13 08:00:00,1000.0
2026-05-13 08:15:00,1000.0
2026-05-13 08:30:00,1000.0
2026-05-13 08:45:00,1000.0
2026-05-13 09:00:00,1000.0
2026-05-13 09:15:00,1000.0
2026-05-13 09:30:00,1000.0
2026-05-13 09:45:00,1000.0
2026-05-13 10:00:00,1000.0
2026-05-13 10:15:00,1000.0
2026-05-13 10:30:00,1000.0
2026-05-13 10:45:00,1000.0
2026-05-13 11:00:00,1000.0
2026-05-13 11:15:00,1000.0
2026-05-13 11:30:00,1000.0
2026-05-13 11:45:00,1000.0
2026-05-13 12:00:00,1000.0
2026-05-13 12:15:00,1000.0
2026-05-13 12:30:00,998.9999999999999
2026-05-13 12:45:00,1000.1251873537324
2026-05-13 13:00:00,1000.8038022946996
2026-05-13 13:15:00,998.1112333353784
2026-05-13 13:30:00,994.1139724250364
2026-05-13 13:45:00,990.6902505938345
2026-05-13 14:00:00,991.005478179316
2026-05-13 14:15:00,992.9887850713039
2026-05-13 14:30:00,991.8066816257482
2026-05-13 14:45:00,992.699826451279
2026-05-13 15:00:00,988.4354977254599
2026-05-13 15:15:00,986.6710988789451
2026-05-13 15:30:00,986.1588540525377
2026-05-13 15:45:00,979.1713092410308
2026-05-13 16:00:00,983.0153345195416
2026-05-13 16:15:00,984.7665988833278
2026-05-13 16:30:00,986.0275092252539
2026-05-13 16:45:00,985.4145666979286
2026-05-13 17:00:00,987.0344862344308
2026-05-13 17:15:00,988.3742034727273
2026-05-13 17:30:00,988.3041528981757
2026-05-13 17:45:00,988.7244563454844
2026-05-13 18:00:00,990.4275609392665
2026-05-13 18:15:00,991.9336482921226
2026-05-13 18:30:00,990.5282586401842
2026-05-13 18:45:00,989.3242643900812
2026-05-13 19:00:00,987.4022517508259
2026-05-13 19:15:00,986.9162758898752
2026-05-13 19:30:00,987.647428761756
2026-05-13 19:45:00,987.9451437035998
2026-05-13 20:00:00,989.0046586436903
2026-05-13 20:15:00,989.5694414010112
2026-05-13 20:30:00,990.931049443855
2026-05-13 20:45:00,991.1061758802336
2026-05-13 21:00:00,988.4967919781923
2026-05-13 21:15:00,987.4854368081058
2026-05-13 21:30:00,988.1552954272541
2026-05-13 21:45:00,987.6211597962993
2026-05-13 22:00:00,987.7174793363075
2026-05-13 22:15:00,986.828712671686
2026-05-13 22:30:00,988.3698253118179
2026-05-13 22:45:00,989.2892391028055
2026-05-13 23:00:00,989.5606850791924
2026-05-13 23:15:00,988.4179850818219
2026-05-13 23:30:00,988.2953965763569
2026-05-13 23:45:00,988.8733138164064
2026-05-14 00:00:00,992.1525563375959
2026-05-14 00:15:00,991.1324448456904
2026-05-14 00:30:00,992.9318689794808
2026-05-14 00:45:00,992.3451954176123
2026-05-14 01:00:00,992.029967832131
2026-05-14 01:15:00,990.6552253065587
2026-05-14 01:30:00,990.7690574902049
2026-05-14 01:45:00,991.6140425457316
2026-05-14 02:00:00,990.291837951073
2026-05-14 02:15:00,991.0273689838634
2026-05-14 02:30:00,989.8802908255833
2026-05-14 02:45:00,985.756063248867
2026-05-14 03:00:00,984.8016241706034
2026-05-14 03:15:00,985.2219276179121
2026-05-14 03:30:00,983.9259919887104
2026-05-14 03:45:00,981.6449701548789
2026-05-14 04:00:00,984.9373471587969
2026-05-14 04:15:00,985.8348701452373
2026-05-14 04:30:00,986.6929896834926
2026-05-14 04:45:00,988.0195724390605
2026-05-14 05:00:00,988.0764885308836
2026-05-14 05:15:00,990.1035770319661
2026-05-14 05:30:00,991.2024954202418
2026-05-14 05:45:00,993.1595333467731
2026-05-14 06:00:00,995.5631436860695
2026-05-14 06:15:00,993.8469046095591
2026-05-14 06:30:00,993.5623241504438
2026-05-14 06:45:00,992.839927600382
2026-05-14 07:00:00,991.6140425457316
2026-05-14 07:15:00,992.3145482912463
2026-05-14 07:30:00,993.667400012271
2026-05-14 07:45:00,991.8635977175712
2026-05-14 08:00:00,993.1332643813163
2026-05-14 08:15:00,992.2970356476083
2026-05-14 08:30:00,993.3346597831517
2026-05-14 08:45:00,992.2488758776042
2026-05-14 09:00:00,991.4257816266247
2026-05-14 09:15:00,989.9985011701389
2026-05-14 09:30:00,987.9320092208712
2026-05-14 09:45:00,988.5011701391019
2026-05-14 10:00:00,989.9547195610443
2026-05-14 10:15:00,991.1543356502378
2026-05-14 10:30:00,988.3785816336367
2026-05-14 10:45:00,990.4012919738097
2026-05-14 11:00:00,989.0790873791511
2026-05-14 11:15:00,988.1509172663445
2026-05-14 11:30:00,986.9031414071469
2026-05-14 11:45:00,986.7542839362251
2026-05-14 12:00:00,986.3471149716448
2026-05-14 12:15:00,986.8724942807806
2026-05-14 12:30:00,989.3155080682623
2026-05-14 12:45:00,990.1123333537851
2026-05-14 13:00:00,990.6420908238304
2026-05-14 13:15:00,990.0072574919578
2026-05-14 13:30:00,987.6255379572087
2026-05-14 13:45:00,984.8322712969698
2026-05-14 14:00:00,988.0589758872458
2026-05-14 14:15:00,991.6052862239127
2026-05-14 14:30:00,994.2759643786866
2026-05-14 14:45:00,1001.2810218338312
2026-05-14 15:00:00,999.6917494236955
2026-05-14 15:15:00,1001.653165511136
2026-05-14 15:30:00,1001.9070988438849
2026-05-14 15:45:00,1006.3115287188072
2026-05-14 16:00:00,1010.5452103182602
2026-05-14 16:15:00,1009.8096792854699
2026-05-14 16:30:00,1011.5828344538035
2026-05-14 16:45:00,1013.1255407445063
2026-05-14 17:00:00,1013.1255407445063
2026-05-14 17:15:00,1013.1255407445063
2026-05-14 17:30:00,1013.1255407445063
2026-05-14 17:45:00,1013.1255407445063
2026-05-14 18:00:00,1013.1255407445063
2026-05-14 18:15:00,1013.1255407445063
2026-05-14 18:30:00,1013.1255407445063
2026-05-14 18:45:00,1013.1255407445063
2026-05-14 19:00:00,1013.1255407445063
2026-05-14 19:15:00,1013.1255407445063
2026-05-14 19:30:00,1013.1255407445063
2026-05-14 19:45:00,1013.1255407445063
2026-05-14 20:00:00,1013.1255407445063
2026-05-14 20:15:00,1013.1255407445063
2026-05-14 20:30:00,1013.1255407445063
2026-05-14 20:45:00,1013.1255407445063
2026-05-14 21:00:00,1013.1255407445063
2026-05-14 21:15:00,1013.1255407445063
2026-05-14 21:30:00,1013.1255407445063
2026-05-14 21:45:00,1013.1255407445063
2026-05-14 22:00:00,1013.1255407445063
2026-05-14 22:15:00,1013.1255407445063
2026-05-14 22:30:00,1013.1255407445063
2026-05-14 22:45:00,1013.1255407445063
2026-05-14 23:00:00,1013.1255407445063
2026-05-14 23:15:00,1013.1255407445063
2026-05-14 23:30:00,1013.1255407445063
2026-05-14 23:45:00,1013.1255407445063
2026-05-15 00:00:00,1013.1255407445063
2026-05-15 00:15:00,1013.1255407445063
2026-05-15 00:30:00,1013.1255407445063
2026-05-15 00:45:00,1013.1255407445063
2026-05-15 01:00:00,1013.1255407445063
2026-05-15 01:15:00,1013.1255407445063
2026-05-15 01:30:00,1013.1255407445063
2026-05-15 01:45:00,1013.1255407445063
2026-05-15 02:00:00,1012.1124152037619
2026-05-15 02:15:00,1010.1496516379228
2026-05-15 02:30:00,1013.3926723478435
2026-05-15 02:45:00,1015.4491132656883
2026-05-15 03:00:00,1014.6684686656387
2026-05-15 03:15:00,1015.5472514439804
2026-05-15 03:30:00,1013.3391424324113
2026-05-15 03:45:00,1014.0974829010311
2026-05-15 04:00:00,1013.2231609489755
2026-05-15 04:15:00,1011.911678020892
2026-05-15 04:30:00,1011.4968211762944
2026-05-15 04:45:00,1009.6321957887471
2026-05-15 05:00:00,1010.8633838436826
2026-05-15 05:15:00,1009.815089666473
2026-05-15 05:30:00,1002.3075190271387
2026-05-15 05:45:00,1001.638395084239
2026-05-15 06:00:00,1003.0167904066124
2026-05-15 06:15:00,1005.1223004136033
2026-05-15 06:30:00,1006.2731935953909
2026-05-15 06:45:00,1006.0724564125209
2026-05-15 07:00:00,1009.0745925029975
2026-05-15 07:15:00,1011.2782406882803
2026-05-15 07:30:00,1011.0239735899785
2026-05-15 07:45:00,1010.4262228676548
2026-05-15 08:00:00,1008.3831644286679
2026-05-15 08:15:00,1005.4613232113393
2026-05-15 08:30:00,1007.1653588525904
2026-05-15 08:45:00,1007.0582990217264
2026-05-15 09:00:00,1006.2999585531069
2026-05-15 09:15:00,1007.2010454628784
2026-05-15 09:30:00,1005.1178395873173
2026-05-15 09:45:00,1005.6932861782111
2026-05-15 10:00:00,1007.5133033028982
2026-05-15 10:15:00,1005.6709820467811
2026-05-15 10:30:00,1006.7103545714187
2026-05-15 10:45:00,1009.2351822492934
2026-05-15 11:00:00,1008.3385561658077
2026-05-15 11:15:00,1008.2404179875159
2026-05-15 11:30:00,1007.5489899131861
2026-05-15 11:45:00,1007.0627598480125
2026-05-15 12:00:00,1004.5111672124217
2026-05-15 12:15:00,1007.6694322229081
2026-05-15 12:30:00,1005.3408809016173
2026-05-15 12:45:00,1005.5996088262051
2026-05-15 13:00:00,1002.5394819940105
2026-05-15 13:15:00,1002.5573252991545
2026-05-15 13:30:00,992.4178671510815
2026-05-15 13:45:00,987.4841932787679
2026-05-15 14:00:00,990.7004490309723
2026-05-15 14:15:00,987.377133447904
2026-05-15 14:30:00,987.564488151916
2026-05-15 14:45:00,987.3369860113299
2026-05-15 15:00:00,988.3808193622535
2026-05-15 15:15:00,988.3094461416777
2026-05-15 15:30:00,989.5629383280431
2026-05-15 15:45:00,991.574770983028
2026-05-15 16:00:00,992.1100701373477
2026-05-15 16:15:00,994.0193037877548
2026-05-15 16:30:00,992.5695352448055
2026-05-15 16:45:00,992.3509547567917
2026-05-15 17:00:00,993.4929262860071
2026-05-15 17:15:00,993.689202642591
2026-05-15 17:30:00,993.8944006517469
2026-05-15 17:45:00,993.5333101463741
2026-05-15 18:00:00,993.5333101463741
2026-05-15 18:15:00,993.5333101463741
2026-05-15 18:30:00,993.5333101463741
2026-05-15 18:45:00,993.5333101463741
2026-05-15 19:00:00,993.5333101463741
2026-05-15 19:15:00,993.5333101463741
2026-05-15 19:30:00,993.5333101463741
2026-05-15 19:45:00,993.5333101463741
2026-05-15 20:00:00,993.5333101463741
2026-05-15 20:15:00,993.5333101463741
2026-05-15 20:30:00,993.5333101463741
2026-05-15 20:45:00,993.5333101463741
2026-05-15 21:00:00,993.5333101463741
2026-05-15 21:15:00,993.5333101463741
2026-05-15 21:30:00,992.5397768362277
2026-05-15 21:45:00,990.774518829031
2026-05-15 22:00:00,992.463803706804
2026-05-15 22:15:00,992.5799979047462
2026-05-15 22:30:00,993.4559233969245
2026-05-15 22:45:00,993.9877353028901
2026-05-15 23:00:00,993.554241564414
2026-05-15 23:15:00,994.3854769804611
2026-05-15 23:30:00,994.9172888864266
2026-05-15 23:45:00,994.2022476683215
2026-05-16 00:00:00,995.8513114775761
2026-05-16 00:15:00,996.8166171220179
2026-05-16 00:30:00,995.7708693405393
2026-05-16 00:45:00,995.2479954498001
2026-05-16 01:00:00,996.0032577364234
2026-05-16 01:15:00,994.0413633942482
2026-05-16 01:30:00,994.0458324018612
2026-05-16 01:45:00,996.4188754444468
2026-05-16 02:00:00,996.8255551372442
2026-05-16 02:15:00,995.9719746831313
2026-05-16 02:30:00,995.8244974318972
2026-05-16 02:45:00,996.5484766652283
2026-05-16 03:00:00,996.535069642389
2026-05-16 03:15:00,996.7495820078205
2026-05-16 03:30:00,995.4267557543263
2026-05-16 03:45:00,995.6993652187289
2026-05-16 04:00:00,994.787687665645
2026-05-16 04:15:00,994.4256980489794
2026-05-16 04:30:00,993.6168076709981
2026-05-16 04:45:00,994.7921566732582
2026-05-16 05:00:00,994.8100327037108
2026-05-16 05:15:00,995.0379520919819
2026-05-16 05:30:00,994.6938385057689
2026-05-16 05:45:00,994.5195472088557
2026-05-16 06:00:00,993.3665432446614
2026-05-16 06:15:00,992.2492913413726
2026-05-16 06:30:00,990.5465994407601
2026-05-16 06:45:00,990.086291656605
2026-05-16 07:00:00,979.5126196438785
2026-05-16 07:15:00,979.9237683442888
2026-05-16 07:30:00,982.368315508685
2026-05-16 07:45:00,980.8622599430515
2026-05-16 08:00:00,980.56283643297
2026-05-16 08:15:00,980.9427020800882
2026-05-16 08:30:00,980.9695161257673
2026-05-16 08:45:00,980.1695637630124
2026-05-16 09:00:00,976.9697543119928
2026-05-16 09:15:00,969.9265983136593
2026-05-16 09:30:00,972.2057921963687
2026-05-16 09:45:00,971.3700877727086
2026-05-16 10:00:00,970.436065181559
2026-05-16 10:15:00,968.286472519631
2026-05-16 10:30:00,970.2796499150986
2026-05-16 10:45:00,971.4952199858769
2026-05-16 11:00:00,972.961054482992
2026-05-16 11:15:00,973.5286184498628
2026-05-16 11:30:00,973.76547585336
2026-05-16 11:45:00,972.5007466988369
2026-05-16 12:00:00,972.8761433383421
2026-05-16 12:15:00,972.3532694476029
2026-05-16 12:30:00,973.4526453204392
2026-05-16 12:45:00,972.6795070033633
2026-05-16 13:00:00,971.1779204453428
2026-05-16 13:15:00,972.9342404373132
2026-05-16 13:30:00,973.1085317342262
2026-05-16 13:45:00,972.9565854753788
2026-05-16 14:00:00,972.1745091430765
2026-05-16 14:15:00,972.7733561632396
2026-05-16 14:30:00,975.3877256169357
2026-05-16 14:45:00,974.2123766146756
2026-05-16 15:00:00,973.8325109675574
2026-05-16 15:15:00,973.2872920387525
2026-05-16 15:30:00,975.2268413428619
2026-05-16 15:45:00,974.2436596679678
2026-05-16 16:00:00,972.5320297521291
2026-05-16 16:15:00,973.1040627266129
2026-05-16 16:30:00,970.6505775469905
2026-05-16 16:45:00,971.6114141838191
2026-05-16 17:00:00,972.8493292926632
2026-05-16 17:15:00,973.6626886782574
2026-05-16 17:30:00,973.9442361578863
2026-05-16 17:45:00,973.7565378381337
2026-05-16 18:00:00,973.5599015031548
2026-05-16 18:15:00,973.4615833356655
2026-05-16 18:30:00,973.8861390589152
2026-05-16 18:45:00,974.8469756957437
2026-05-16 19:00:00,974.6101182922466
2026-05-16 19:15:00,974.8022856196122
2026-05-16 19:30:00,974.5475521856623
2026-05-16 19:45:00,974.0514923406022
2026-05-16 20:00:00,974.1891109610416
2026-05-16 20:15:00,974.1891109610416
2026-05-16 20:30:00,974.1891109610416
2026-05-16 20:45:00,974.1891109610416
2026-05-16 21:00:00,974.1891109610416
2026-05-16 21:15:00,974.1891109610416
2026-05-16 21:30:00,974.1891109610416
2026-05-16 21:45:00,974.1891109610416
2026-05-16 22:00:00,974.1891109610416
2026-05-16 22:15:00,974.1891109610416
2026-05-16 22:30:00,974.1891109610416
2026-05-16 22:45:00,974.1891109610416
2026-05-16 23:00:00,974.1891109610416
2026-05-16 23:15:00,974.1891109610416
2026-05-16 23:30:00,974.1891109610416
2026-05-16 23:45:00,974.1891109610416
2026-05-17 00:00:00,974.1891109610416
2026-05-17 00:15:00,974.1891109610416
2026-05-17 00:30:00,974.1891109610416
2026-05-17 00:45:00,974.1891109610416
2026-05-17 01:00:00,974.1891109610416
2026-05-17 01:15:00,974.1891109610416
2026-05-17 01:30:00,974.1891109610416
2026-05-17 01:45:00,973.2149218500806
2026-05-17 02:00:00,974.7582973796191
2026-05-17 02:15:00,975.8485306751943
2026-05-17 02:30:00,975.6870146314054
2026-05-17 02:45:00,975.601770052739
2026-05-17 03:00:00,976.9163311869097
2026-05-17 03:15:00,977.3021750692944
2026-05-17 03:30:00,978.0962956179233
2026-05-17 03:45:00,978.8320909285171
2026-05-17 04:00:00,979.3615046276032
2026-05-17 04:15:00,980.6850388753177
2026-05-17 04:30:00,981.7887318412086
2026-05-17 04:45:00,981.4836459807185
2026-05-17 05:00:00,982.0843331206829
2026-05-17 05:15:00,982.0843331206829
2026-05-17 05:30:00,982.0843331206829
2026-05-17 05:45:00,982.0843331206829
2026-05-17 06:00:00,982.0843331206829
2026-05-17 06:15:00,982.0843331206829
2026-05-17 06:30:00,982.0843331206829
2026-05-17 06:45:00,982.0843331206829
2026-05-17 07:00:00,982.0843331206829
2026-05-17 07:15:00,982.0843331206829
2026-05-17 07:30:00,982.0843331206829
2026-05-17 07:45:00,982.0843331206829
2026-05-17 08:00:00,982.0843331206829
2026-05-17 08:15:00,982.0843331206829
2026-05-17 08:30:00,982.0843331206829
2026-05-17 08:45:00,982.0843331206829
2026-05-17 09:00:00,982.0843331206829
2026-05-17 09:15:00,982.0843331206829
2026-05-17 09:30:00,982.0843331206829
2026-05-17 09:45:00,982.0843331206829
2026-05-17 10:00:00,982.0843331206829
2026-05-17 10:15:00,982.0843331206829
2026-05-17 10:30:00,982.0843331206829
2026-05-17 10:45:00,982.0843331206829
2026-05-17 11:00:00,982.0843331206829
2026-05-17 11:15:00,982.0843331206829
2026-05-17 11:30:00,982.0843331206829
2026-05-17 11:45:00,982.0843331206829
2026-05-17 12:00:00,982.0843331206829
2026-05-17 12:15:00,982.0843331206829
2026-05-17 12:30:00,982.0843331206829
2026-05-17 12:45:00,982.0843331206829
2026-05-17 13:00:00,982.0843331206829
2026-05-17 13:15:00,982.0843331206829
2026-05-17 13:30:00,982.0843331206829
2026-05-17 13:45:00,982.0843331206829
2026-05-17 14:00:00,982.0843331206829
2026-05-17 14:15:00,982.0843331206829
2026-05-17 14:30:00,982.0843331206829
2026-05-17 14:45:00,982.0843331206829
2026-05-17 15:00:00,982.0843331206829
2026-05-17 15:15:00,982.0843331206829
2026-05-17 15:30:00,982.0843331206829
2026-05-17 15:45:00,982.0843331206829
2026-05-17 16:00:00,981.1022487875622
2026-05-17 16:15:00,981.6858774618817
2026-05-17 16:30:00,981.991160153064
2026-05-17 16:45:00,979.8272446067416
2026-05-17 17:00:00,978.2334893807156
2026-05-17 17:15:00,978.5253037178753
2026-05-17 17:30:00,979.8317340580824
2026-05-17 17:45:00,980.348020962288
2026-05-17 18:00:00,980.3884260243564
2026-05-17 18:15:00,980.4422994404473
2026-05-17 18:30:00,980.3255737055833
2026-05-17 18:45:00,982.5119365086105
2026-05-17 19:00:00,982.547852119338
2026-05-17 19:15:00,982.6735567568836
2026-05-17 19:30:00,984.1685440534094
2026-05-17 19:45:00,984.3256748503417
2026-05-17 20:00:00,983.2122909177939
2026-05-17 20:15:00,982.7049829162701
2026-05-17 20:30:00,982.9474132886796
2026-05-17 20:45:00,982.9878183507481
2026-05-17 21:00:00,982.9429238373386
2026-05-17 21:15:00,984.1505862480457
2026-05-17 21:30:00,984.4648478419101
2026-05-17 21:45:00,984.0024343537954
2026-05-17 22:00:00,980.3614893163107
2026-05-17 22:15:00,979.3199366052178
2026-05-17 22:30:00,979.7419450312641
2026-05-17 22:45:00,978.5612193286026
2026-05-17 23:00:00,976.1324261531659
2026-05-17 23:15:00,974.6598861133447
2026-05-17 23:30:00,952.2305872141172
2026-05-17 23:45:00,956.7020807496717
2026-05-18 00:00:00,952.1138614792535
2026-05-18 00:15:00,948.8006463896558
2026-05-18 00:30:00,946.9913974992656
2026-05-18 00:45:00,949.7254733658849
2026-05-18 01:00:00,948.6839206547918
2026-05-18 01:15:00,947.79500928929
2026-05-18 01:30:00,947.7007308111307
2026-05-18 01:45:00,950.6592792447958
2026-05-18 02:00:00,953.3529500493468
2026-05-18 02:15:00,951.9028572662302
2026-05-18 02:30:00,950.7355999175915
2026-05-18 02:45:00,950.2552286241132
2026-05-18 03:00:00,950.8972201658646
2026-05-18 03:15:00,951.741237017957
2026-05-18 03:30:00,952.2530344708218
2026-05-18 03:45:00,951.0633298654785
2026-05-18 04:00:00,952.6436167374817
2026-05-18 04:15:00,949.8691358087943
2026-05-18 04:30:00,952.6885112508909
2026-05-18 04:45:00,953.941068175007
2026-05-18 05:00:00,953.4382496248243
2026-05-18 05:15:00,953.5774226163927
2026-05-18 05:30:00,951.584106221025
2026-05-18 05:45:00,950.978030290001
2026-05-18 06:00:00,951.1082243788877
2026-05-18 06:15:00,948.7243257168601
2026-05-18 06:30:00,950.7580471742962
2026-05-18 06:45:00,951.3282074945928
2026-05-18 07:00:00,950.6862159528413
2026-05-18 07:15:00,951.7726631773436
2026-05-18 07:30:00,949.9948404463399
2026-05-18 07:45:00,952.1318192846171
2026-05-18 08:00:00,952.2799711788674
2026-05-18 08:15:00,952.2754817275263
2026-05-18 08:30:00,951.0094564493876
2026-05-18 08:45:00,952.4685281351859
2026-05-18 09:00:00,951.0094564493876
2026-05-18 09:15:00,950.8433467497734
2026-05-18 09:30:00,950.7311104662505
2026-05-18 09:45:00,950.3629754562953
2026-05-18 10:00:00,949.0475662134062
2026-05-18 10:15:00,949.887093614158
2026-05-18 10:30:00,949.159802496929
2026-05-18 10:45:00,949.159802496929
2026-05-18 11:00:00,949.159802496929
2026-05-18 11:15:00,949.159802496929
2026-05-18 11:30:00,949.159802496929
2026-05-18 11:45:00,949.159802496929
2026-05-18 12:00:00,949.159802496929
2026-05-18 12:15:00,949.159802496929
2026-05-18 12:30:00,949.159802496929
2026-05-18 12:45:00,949.159802496929
2026-05-18 13:00:00,949.159802496929
2026-05-18 13:15:00,949.159802496929
2026-05-18 13:30:00,949.159802496929
2026-05-18 13:45:00,949.159802496929
2026-05-18 14:00:00,949.159802496929
2026-05-18 14:15:00,949.159802496929
2026-05-18 14:30:00,949.159802496929
2026-05-18 14:45:00,949.159802496929
2026-05-18 15:00:00,949.159802496929
2026-05-18 15:15:00,949.159802496929
2026-05-18 15:30:00,949.159802496929
2026-05-18 15:45:00,949.159802496929
2026-05-18 16:00:00,948.2106426944321
2026-05-18 16:15:00,942.0367752423077
2026-05-18 16:30:00,944.4082243292389
2026-05-18 16:45:00,943.9492341833812
2026-05-18 17:00:00,946.0731885838205
2026-05-18 17:15:00,948.2556417283398
2026-05-18 17:30:00,948.3321400859826
2026-05-18 17:45:00,948.6741327436806
2026-05-18 18:00:00,945.3037051040003
2026-05-18 18:15:00,939.7418245130195
2026-05-18 18:30:00,939.201836106128
2026-05-18 18:45:00,936.5738925259236
2026-05-18 19:00:00,947.5176575722548
2026-05-18 19:15:00,947.5446569925994
2026-05-18 19:30:00,952.4765511088738
2026-05-18 19:45:00,956.2609698605041
2026-05-18 20:00:00,957.3049474471607
2026-05-18 20:15:00,957.8809350811781
2026-05-18 20:30:00,955.0099967178724
2026-05-18 20:45:00,952.9040419309962
2026-05-18 21:00:00,954.7445024178174
2026-05-18 21:15:00,958.8709138271455
2026-05-18 21:30:00,961.9083486159094
2026-05-18 21:45:00,961.8003509345313
2026-05-18 22:00:00,961.4988574073502
2026-05-18 22:15:00,961.863502578717
2026-05-18 22:30:00,961.863502578717
2026-05-18 22:45:00,961.863502578717
2026-05-18 23:00:00,961.863502578717
2026-05-18 23:15:00,961.863502578717
2026-05-18 23:30:00,961.863502578717
2026-05-18 23:45:00,961.863502578717
2026-05-19 00:00:00,961.863502578717
2026-05-19 00:15:00,961.863502578717
2026-05-19 00:30:00,961.863502578717
2026-05-19 00:45:00,961.863502578717
2026-05-19 01:00:00,961.863502578717
2026-05-19 01:15:00,961.863502578717
2026-05-19 01:30:00,961.863502578717
2026-05-19 01:45:00,961.863502578717
2026-05-19 02:00:00,961.863502578717
2026-05-19 02:15:00,961.863502578717
2026-05-19 02:30:00,961.863502578717
2026-05-19 02:45:00,961.863502578717
2026-05-19 03:00:00,961.863502578717
2026-05-19 03:15:00,961.863502578717
2026-05-19 03:30:00,961.863502578717
2026-05-19 03:45:00,961.863502578717
2026-05-19 04:00:00,961.863502578717
2026-05-19 04:15:00,961.863502578717
2026-05-19 04:30:00,961.863502578717
2026-05-19 04:45:00,961.863502578717
2026-05-19 05:00:00,961.863502578717
2026-05-19 05:15:00,961.863502578717
2026-05-19 05:30:00,961.863502578717
2026-05-19 05:45:00,961.863502578717
2026-05-19 06:00:00,961.863502578717
2026-05-19 06:15:00,961.863502578717
2026-05-19 06:30:00,961.863502578717
2026-05-19 06:45:00,961.863502578717
2026-05-19 07:00:00,961.863502578717
2026-05-19 07:15:00,961.863502578717
2026-05-19 07:30:00,961.863502578717
2026-05-19 07:45:00,961.863502578717
2026-05-19 08:00:00,961.863502578717
2026-05-19 08:15:00,961.863502578717
2026-05-19 08:30:00,961.863502578717
2026-05-19 08:45:00,961.863502578717
2026-05-19 09:00:00,961.863502578717
2026-05-19 09:15:00,961.863502578717
2026-05-19 09:30:00,961.863502578717
2026-05-19 09:45:00,961.863502578717
2026-05-19 10:00:00,961.863502578717
2026-05-19 10:15:00,961.863502578717
2026-05-19 10:30:00,960.9016390761383
2026-05-19 10:45:00,964.8322752927286
2026-05-19 11:00:00,964.7912837215242
2026-05-19 11:15:00,963.2199401586928
2026-05-19 11:30:00,960.7558912674118
2026-05-19 11:45:00,961.4117564066806
2026-05-19 12:00:00,962.8236883037177
2026-05-19 12:15:00,964.2174017246641
2026-05-19 12:30:00,964.4997881040715
2026-05-19 12:45:00,964.8914853400236
2026-05-19 13:00:00,963.1516208733523
2026-05-19 13:15:00,960.1364630803247
2026-05-19 13:30:00,962.2999071161073
2026-05-19 13:45:00,965.1374347672496
2026-05-19 14:00:00,961.1885800745684
2026-05-19 14:15:00,959.703774273168
2026-05-19 14:30:00,959.5580264644418
2026-05-19 14:45:00,959.4532702269197
2026-05-19 15:00:00,961.1111515511825
2026-05-19 15:15:00,959.4396063698515
2026-05-19 15:30:00,960.9745129805015
2026-05-19 15:45:00,961.1111515511825
2026-05-19 16:00:00,960.1455723183701
2026-05-19 16:15:00,962.0084114986544
2026-05-19 16:30:00,964.6865274840021
2026-05-19 16:45:00,966.0893501429938
2026-05-19 17:00:00,966.9046269480572
2026-05-19 17:15:00,965.3970480515434
2026-05-19 17:30:00,964.2082924866186
2026-05-19 17:45:00,963.6435197278038
2026-05-19 18:00:00,964.6455359127978
2026-05-19 18:15:00,962.2361424497893
2026-05-19 18:30:00,963.5660912044178
2026-05-19 18:45:00,963.429452633737
2026-05-19 19:00:00,966.6677867588767
2026-05-19 19:15:00,962.1723777834716
2026-05-19 19:30:00,962.9011168271036
2026-05-19 19:45:00,962.4593187819017
2026-05-19 20:00:00,963.488662681032
2026-05-19 20:15:00,963.579755061486
2026-05-19 20:30:00,963.8575868218707
2026-05-19 20:45:00,964.8459391497967
2026-05-19 21:00:00,965.3560564803392
2026-05-19 21:15:00,964.8823761019781
2026-05-19 21:30:00,964.8596030068649
2026-05-19 21:45:00,964.1991832485731
2026-05-19 22:00:00,960.8424290288431
2026-05-19 22:15:00,958.4284809468121
2026-05-19 22:30:00,959.9223959862577
2026-05-19 22:45:00,959.3849509415792
2026-05-19 23:00:00,961.5529495963843
2026-05-19 23:15:00,963.6890659180308
2026-05-19 23:30:00,963.5843096805087
2026-05-19 23:45:00,961.9036552611323
2026-05-20 00:00:00,958.7290858023102
2026-05-20 00:15:00,960.5509334113904
2026-05-20 00:30:00,961.1020423131371
2026-05-20 00:45:00,961.6121596436795
2026-05-20 01:00:00,963.4932173000548
2026-05-20 01:15:00,958.2144138527451
2026-05-20 01:30:00,959.703774273168
2026-05-20 01:45:00,963.429452633737
2026-05-20 02:00:00,962.6323943047645
2026-05-20 02:15:00,962.0995038791085
2026-05-20 02:30:00,959.8540767009172
2026-05-20 02:45:00,960.7650005054572
2026-05-20 03:00:00,959.9998245096436
2026-05-20 03:15:00,963.4340072527596
2026-05-20 03:30:00,962.1177223551992
2026-05-20 03:45:00,961.7533528333831
2026-05-20 04:00:00,963.1151839211707
2026-05-20 04:15:00,962.3909994965612
2026-05-20 04:30:00,961.3980925496127
2026-05-20 04:45:00,962.4820918770151
2026-05-20 05:00:00,967.6652483248481
2026-05-20 05:15:00,967.5012820400308
2026-05-20 05:30:00,968.4623066538206
2026-05-20 05:45:00,968.1434833222318
2026-05-20 06:00:00,968.822121556614
2026-05-20 06:15:00,969.8651293128123
2026-05-20 06:30:00,970.8170446885567
2026-05-20 06:45:00,971.8418339686642
2026-05-20 07:00:00,970.8899185929198
2026-05-20 07:15:00,971.1520961277236
2026-05-20 07:30:00,971.1520961277236
2026-05-20 07:45:00,971.1520961277236
2026-05-20 08:00:00,971.1520961277236
2026-05-20 08:15:00,971.1520961277236
2026-05-20 08:30:00,971.1520961277236
2026-05-20 08:45:00,971.1520961277236
2026-05-20 09:00:00,971.1520961277236
2026-05-20 09:15:00,971.1520961277236
2026-05-20 09:30:00,971.1520961277236
2026-05-20 09:45:00,971.1520961277236
2026-05-20 10:00:00,971.1520961277236
2026-05-20 10:15:00,971.1520961277236
2026-05-20 10:30:00,971.1520961277236
2026-05-20 10:45:00,971.1520961277236
2026-05-20 11:00:00,971.1520961277236
2026-05-20 11:15:00,971.1520961277236
2026-05-20 11:30:00,971.1520961277236
2026-05-20 11:45:00,971.1520961277236
2026-05-20 12:00:00,971.1520961277236
2026-05-20 12:15:00,971.1520961277236
2026-05-20 12:30:00,971.1520961277236
2026-05-20 12:45:00,971.1520961277236
2026-05-20 13:00:00,971.1520961277236
2026-05-20 13:15:00,971.1520961277236
2026-05-20 13:30:00,971.1520961277236
2026-05-20 13:45:00,971.1520961277236
2026-05-20 14:00:00,971.1520961277236
2026-05-20 14:15:00,971.1520961277236
2026-05-20 14:30:00,971.1520961277236
2026-05-20 14:45:00,971.1520961277236
2026-05-20 15:00:00,971.1520961277236
2026-05-20 15:15:00,971.1520961277236
2026-05-20 15:30:00,971.1520961277236
2026-05-20 15:45:00,971.1520961277236
2026-05-20 16:00:00,971.1520961277236
2026-05-20 16:15:00,971.1520961277236
2026-05-20 16:30:00,971.1520961277236
2026-05-20 16:45:00,971.1520961277236
2026-05-20 17:00:00,971.1520961277236
2026-05-20 17:15:00,971.1520961277236
2026-05-20 17:30:00,971.1520961277236
2026-05-20 17:45:00,971.1520961277236
2026-05-20 18:00:00,971.1520961277236
2026-05-20 18:15:00,971.1520961277236
2026-05-20 18:30:00,971.1520961277236
2026-05-20 18:45:00,971.1520961277236
2026-05-20 19:00:00,971.1520961277236
2026-05-20 19:15:00,971.1520961277236
2026-05-20 19:30:00,971.1520961277236
2026-05-20 19:45:00,971.1520961277236
2026-05-20 20:00:00,971.1520961277236
2026-05-20 20:15:00,971.1520961277236
2026-05-20 20:30:00,971.1520961277236
2026-05-20 20:45:00,971.1520961277236
2026-05-20 21:00:00,971.1520961277236
2026-05-20 21:15:00,971.1520961277236
2026-05-20 21:30:00,971.1520961277236
2026-05-20 21:45:00,971.1520961277236
2026-05-20 22:00:00,971.1520961277236
2026-05-20 22:15:00,971.1520961277236
2026-05-20 22:30:00,971.1520961277236
2026-05-20 22:45:00,971.1520961277236
2026-05-20 23:00:00,971.1520961277236
2026-05-20 23:15:00,971.1520961277236
2026-05-20 23:30:00,971.1520961277236
2026-05-20 23:45:00,971.1520961277236
2026-05-21 00:00:00,971.1520961277236
2026-05-21 00:15:00,971.1520961277236
2026-05-21 00:30:00,971.1520961277236
2026-05-21 00:45:00,971.1520961277236
2026-05-21 01:00:00,971.1520961277236
2026-05-21 01:15:00,971.1520961277236
2026-05-21 01:30:00,971.1520961277236
2026-05-21 01:45:00,971.1520961277236
2026-05-21 02:00:00,971.1520961277236
2026-05-21 02:15:00,971.1520961277236
2026-05-21 02:30:00,971.1520961277236
2026-05-21 02:45:00,971.1520961277236
2026-05-21 03:00:00,971.1520961277236
2026-05-21 03:15:00,971.1520961277236
2026-05-21 03:30:00,971.1520961277236
2026-05-21 03:45:00,971.1520961277236
2026-05-21 04:00:00,971.1520961277236
2026-05-21 04:15:00,971.1520961277236
2026-05-21 04:30:00,971.1520961277236
2026-05-21 04:45:00,971.1520961277236
2026-05-21 05:00:00,971.1520961277236
2026-05-21 05:15:00,971.1520961277236
2026-05-21 05:30:00,971.1520961277236
2026-05-21 05:45:00,971.1520961277236
2026-05-21 06:00:00,971.1520961277236
2026-05-21 06:15:00,971.1520961277236
2026-05-21 06:30:00,971.1520961277236
2026-05-21 06:45:00,970.1809440315958
2026-05-21 07:00:00,970.4453022380623
2026-05-21 07:15:00,970.2766599339371
2026-05-21 07:30:00,971.6668194679417
2026-05-21 07:45:00,973.1390212039532
2026-05-21 08:00:00,978.2848904298263
2026-05-21 08:15:00,976.0651930755304
2026-05-21 08:30:00,974.1827803294846
2026-05-21 08:45:00,974.5975492396304
2026-05-21 09:00:00,974.529180737958
2026-05-21 09:15:00,974.3286331330523
2026-05-21 09:30:00,970.2812178340486
2026-05-21 09:45:00,969.9120279250178
2026-05-21 10:00:00,970.1444808307037
2026-05-21 10:15:00,964.8482009011515
2026-05-21 10:30:00,964.5154741930127
2026-05-21 10:45:00,963.626683671272
2026-05-21 11:00:00,965.3678015138615
2026-05-21 11:15:00,965.345012013304
2026-05-21 11:30:00,964.6476532962458
2026-05-21 11:45:00,964.1189368833129
2026-05-21 12:00:00,963.2893990630215
2026-05-21 12:15:00,963.2119147611264
2026-05-21 12:30:00,965.1581381087329
2026-05-21 12:45:00,965.0077274050536
2026-05-21 13:00:00,965.2173908101822
2026-05-21 13:15:00,965.9785601288012
2026-05-21 13:30:00,960.1626795865391
2026-05-21 13:45:00,966.4844870411767
2026-05-21 14:00:00,966.5437397426261
2026-05-21 14:15:00,966.3705395383895
2026-05-21 14:30:00,965.9284232275747
2026-05-21 14:45:00,967.1681720579003
2026-05-21 15:00:00,970.9329975499916
2026-05-21 15:15:00,973.5036532128726
2026-05-21 15:30:00,971.5209666643741
2026-05-21 15:45:00,972.040567277084
2026-05-21 16:00:00,972.3778518853343
2026-05-21 16:15:00,971.2201452570156
2026-05-21 16:30:00,968.0660783798639
2026-05-21 16:45:00,969.8254278228994
2026-05-21 17:00:00,973.4535163116461
2026-05-21 17:15:00,978.7680278416443
2026-05-21 17:30:00,978.5811539370733
2026-05-21 17:45:00,978.3988379326136
2026-05-21 18:00:00,975.522802962263
2026-05-21 18:15:00,975.1946341542357
2026-05-21 18:30:00,975.1125919522287
2026-05-21 18:45:00,969.4061010126422
2026-05-21 19:00:00,972.1681884802057
2026-05-21 19:15:00,972.3641781849999
2026-05-21 19:30:00,974.1736645292616
2026-05-21 19:45:00,976.6805095905816
2026-05-21 20:00:00,975.8281822697328
2026-05-21 20:15:00,974.7023809421945
2026-05-21 20:30:00,974.7297283428636
2026-05-21 20:45:00,974.7616336436439
2026-05-21 21:00:00,974.7297283428636
2026-05-21 21:15:00,974.8892548467658
2026-05-21 21:30:00,973.964001124133
2026-05-21 21:45:00,973.3031056079669
2026-05-21 22:00:00,972.997726300497
2026-05-21 22:15:00,973.0022842006086
2026-05-21 22:30:00,972.1043778786449
2026-05-21 22:45:00,971.6759352681646
2026-05-21 23:00:00,970.4635338385082
2026-05-21 23:15:00,972.1362831794253
2026-05-21 23:30:00,973.4671900119807
2026-05-21 23:45:00,972.5464941894595
2026-05-22 00:00:00,971.1335451548972
2026-05-22 00:15:00,971.4981771638165
2026-05-22 00:30:00,971.5619877653774
2026-05-22 00:45:00,970.527344440069
2026-05-22 01:00:00,972.3778518853343
2026-05-22 01:15:00,970.7051025444171
2026-05-22 01:30:00,971.5893351660463
2026-05-22 01:45:00,973.5127690130955
2026-05-22 02:00:00,974.47448593662
2026-05-22 02:15:00,973.964001124133
2026-05-22 02:30:00,973.9138642229068
2026-05-22 02:45:00,974.4699280365086
2026-05-22 03:00:00,973.8819589221263
2026-05-22 03:15:00,974.3377489332754
2026-05-22 03:30:00,974.2967278322718
2026-05-22 03:45:00,974.4243490353937
2026-05-22 04:00:00,975.6367504650502
2026-05-22 04:15:00,974.3058436324949
2026-05-22 04:30:00,972.8746629974868
2026-05-22 04:45:00,972.6558837921352
2026-05-22 05:00:00,972.9111261983787
2026-05-22 05:15:00,971.8536933725128
2026-05-22 05:30:00,971.4525981627017
2026-05-22 05:45:00,970.4726496387311
2026-05-22 06:00:00,970.9238817497686
2026-05-22 06:15:00,969.9029121247949
2026-05-22 06:30:00,969.8071962224535
2026-05-22 06:45:00,968.8637108993748
2026-05-22 07:00:00,969.6659013189973
2026-05-22 07:15:00,971.457156062813
2026-05-22 07:30:00,971.2201452570156
2026-05-22 07:45:00,970.240196733045
2026-05-22 08:00:00,970.0533228284739
2026-05-22 08:15:00,971.7944406710635
2026-05-22 08:30:00,968.1800258826512
2026-05-22 08:45:00,967.3231406616911
2026-05-22 09:00:00,966.5756450434064
2026-05-22 09:15:00,967.2912353609106
2026-05-22 09:30:00,967.8153938737321
2026-05-22 09:45:00,968.0888678804215
2026-05-22 10:00:00,967.9156676761847
2026-05-22 10:15:00,968.2210469836547
2026-05-22 10:30:00,968.2848575852155
2026-05-22 10:45:00,967.6421936694953
2026-05-22 11:00:00,967.6421936694953
2026-05-22 11:15:00,968.3760155874454
2026-05-22 11:30:00,969.1736481069563
2026-05-22 11:45:00,971.1882399562353
2026-05-22 12:00:00,973.3031056079669
2026-05-22 12:15:00,971.575661465712
2026-05-22 12:30:00,971.9949882759691
2026-05-22 12:45:00,973.1071159031727
2026-05-22 13:00:00,972.6376521916893
2026-05-22 13:15:00,970.6777551437482
2026-05-22 13:30:00,970.0897860293659
2026-05-22 13:45:00,970.9375554501032
2026-05-22 14:00:00,968.0934257805328
2026-05-22 14:15:00,965.4726332164256
2026-05-22 14:30:00,966.1699919334839
2026-05-22 14:45:00,964.880106201932
2026-05-22 15:00:00,964.9393589033814
2026-05-22 15:15:00,966.7306136471972
2026-05-22 15:30:00,965.4133805149764
2026-05-22 15:45:00,966.0378128302506
2026-05-22 16:00:00,966.5938766438524
2026-05-22 16:15:00,966.6212240445216
2026-05-22 16:30:00,966.1198550322573
2026-05-22 16:45:00,967.5419198670427
2026-05-22 17:00:00,968.6813948949153
2026-05-22 17:15:00,970.2356388329337
2026-05-22 17:30:00,969.1827639071793
2026-05-22 17:45:00,966.0925076315884
2026-05-22 18:00:00,966.1380866327033
2026-05-22 18:15:00,965.6503913207739
2026-05-22 18:30:00,960.8281330028167
2026-05-22 18:45:00,957.154465512955
2026-05-22 19:00:00,952.4096914968931
2026-05-22 19:15:00,950.5591840516279
2026-05-22 19:30:00,941.4752891294268
2026-05-22 19:45:00,941.4524996288692
2026-05-22 20:00:00,944.3558819998889
2026-05-22 20:15:00,944.784324610369
2026-05-22 20:30:00,944.5290822041255
2026-05-22 20:45:00,945.0350091165011
2026-05-22 21:00:00,944.7159561086966
2026-05-22 21:15:00,946.0468629412519
2026-05-22 21:30:00,946.4342844507286
2026-05-22 21:45:00,947.2136853697936
2026-05-22 22:00:00,946.7761269590904
2026-05-22 22:15:00,944.775208810146
2026-05-22 22:30:00,943.1617121706782
2026-05-22 22:45:00,944.7205140088082
2026-05-22 23:00:00,946.7533374585331
2026-05-22 23:15:00,943.0796699686715
2026-05-22 23:30:00,945.0395670166124
2026-05-22 23:45:00,941.5937945323254
2026-05-23 00:00:00,942.0085634424712
2026-05-23 00:15:00,942.6557852583028
2026-05-23 00:30:00,939.1781074732354
2026-05-23 00:45:00,941.0377307187237
2026-05-23 01:00:00,940.8098357131491
2026-05-23 01:15:00,942.8335433626511
2026-05-23 01:30:00,942.3093848498296
2026-05-23 01:45:00,942.9976277666646
2026-05-23 02:00:00,941.9037317399069
2026-05-23 02:15:00,941.894615939684
2026-05-23 02:30:00,942.081489844255
2026-05-23 02:45:00,942.8107538620935
2026-05-23 03:00:00,943.3713755758068
2026-05-23 03:15:00,943.4351861773677
2026-05-23 03:30:00,944.096081693534
2026-05-23 03:45:00,943.8408392872906
2026-05-23 04:00:00,943.9547867900778
2026-05-23 04:15:00,942.259247948603
2026-05-23 04:30:00,941.543657631099
2026-05-23 04:45:00,942.2546900484917
2026-05-23 05:00:00,941.625699833106
2026-05-23 05:15:00,940.6092881082435
2026-05-23 05:30:00,941.7669947365621
2026-05-23 05:45:00,941.1380045211763
2026-05-23 06:00:00,940.7961620128145
2026-05-23 06:15:00,939.9575083923004
2026-05-23 06:30:00,940.3130246009965
2026-05-23 06:45:00,939.6977080859454
2026-05-23 07:00:00,939.2191285742387
2026-05-23 07:15:00,938.070537746143
2026-05-23 07:30:00,937.9018954420179
2026-05-23 07:45:00,924.6110587169107
2026-05-23 08:00:00,925.1078698290632
2026-05-23 08:15:00,924.1051318045353
2026-05-23 08:30:00,922.4369403637296
2026-05-23 08:45:00,925.3995754361987
2026-05-23 09:00:00,924.492553314012
2026-05-23 09:15:00,924.8708590232658
2026-05-23 09:30:00,924.8754169233773
2026-05-23 09:45:00,924.0185317024169
2026-05-23 10:00:00,925.2765121331884
2026-05-23 10:15:00,925.2081436315161
2026-05-23 10:30:00,926.4068713608382
2026-05-23 10:45:00,925.969312950135
2026-05-23 11:00:00,926.8261981710954
2026-05-23 11:15:00,927.0404194763354
2026-05-23 11:30:00,925.8963865483512
2026-05-23 11:45:00,925.9282918491316
2026-05-23 12:00:00,924.8799748234887
2026-05-23 12:15:00,924.9301117247151
2026-05-23 12:30:00,925.5636598402124
2026-05-23 12:45:00,925.7414179445605
2026-05-23 13:00:00,929.3831801336416
2026-05-23 13:15:00,931.0878347753392
2026-05-23 13:30:00,929.7888332435643
2026-05-23 13:45:00,932.0404358986408
2026-05-23 14:00:00,932.5828260119082
2026-05-23 14:15:00,932.8563000185976
2026-05-23 14:30:00,935.8827456926276
2026-05-23 14:45:00,938.7352436668024
2026-05-23 15:00:00,938.7352436668024
2026-05-23 15:15:00,938.7352436668024
2026-05-23 15:30:00,938.7352436668024
2026-05-23 15:45:00,938.7352436668024
2026-05-23 16:00:00,938.7352436668024
2026-05-23 16:15:00,938.7352436668024
2026-05-23 16:30:00,938.7352436668024
2026-05-23 16:45:00,938.7352436668024
2026-05-23 17:00:00,938.7352436668024
2026-05-23 17:15:00,938.7352436668024
2026-05-23 17:30:00,938.7352436668024
2026-05-23 17:45:00,938.7352436668024
2026-05-23 18:00:00,938.7352436668024
2026-05-23 18:15:00,938.7352436668024
2026-05-23 18:30:00,938.7352436668024
2026-05-23 18:45:00,938.7352436668024
2026-05-23 19:00:00,938.7352436668024
2026-05-23 19:15:00,938.7352436668024
2026-05-23 19:30:00,938.7352436668024
2026-05-23 19:45:00,938.7352436668024
2026-05-23 20:00:00,938.7352436668024
2026-05-23 20:15:00,938.7352436668024
2026-05-23 20:30:00,938.7352436668024
2026-05-23 20:45:00,938.7352436668024
2026-05-23 21:00:00,938.7352436668024
2026-05-23 21:15:00,938.7352436668024
2026-05-23 21:30:00,938.7352436668024
2026-05-23 21:45:00,938.7352436668024
2026-05-23 22:00:00,938.7352436668024
2026-05-23 22:15:00,938.7352436668024
2026-05-23 22:30:00,938.7352436668024
2026-05-23 22:45:00,938.7352436668024
2026-05-23 23:00:00,938.7352436668024
2026-05-23 23:15:00,938.7352436668024
2026-05-23 23:30:00,938.7352436668024
2026-05-23 23:45:00,938.7352436668024
2026-05-24 00:00:00,938.7352436668024
2026-05-24 00:15:00,938.7352436668024
2026-05-24 00:30:00,938.7352436668024
2026-05-24 00:45:00,938.7352436668024
2026-05-24 01:00:00,938.7352436668024
2026-05-24 01:15:00,938.7352436668024
2026-05-24 01:30:00,938.7352436668024
2026-05-24 01:45:00,938.7352436668024
2026-05-24 02:00:00,938.7352436668024
2026-05-24 02:15:00,938.7352436668024
2026-05-24 02:30:00,938.7352436668024
2026-05-24 02:45:00,938.7352436668024
2026-05-24 03:00:00,938.7352436668024
2026-05-24 03:15:00,938.7352436668024
2026-05-24 03:30:00,938.7352436668024
2026-05-24 03:45:00,938.7352436668024
2026-05-24 04:00:00,938.7352436668024
2026-05-24 04:15:00,938.7352436668024
2026-05-24 04:30:00,938.7352436668024
2026-05-24 04:45:00,938.7352436668024
2026-05-24 05:00:00,938.7352436668024
2026-05-24 05:15:00,938.7352436668024
2026-05-24 05:30:00,938.7352436668024
2026-05-24 05:45:00,938.7352436668024
2026-05-24 06:00:00,938.7352436668024
2026-05-24 06:15:00,938.7352436668024
2026-05-24 06:30:00,938.7352436668024
2026-05-24 06:45:00,938.7352436668024
2026-05-24 07:00:00,938.7352436668024
2026-05-24 07:15:00,938.7352436668024
2026-05-24 07:30:00,938.7352436668024
2026-05-24 07:45:00,938.7352436668024
2026-05-24 08:00:00,938.7352436668024
2026-05-24 08:15:00,938.7352436668024
2026-05-24 08:30:00,938.7352436668024
2026-05-24 08:45:00,938.7352436668024
2026-05-24 09:00:00,938.7352436668024
2026-05-24 09:15:00,938.7352436668024
2026-05-24 09:30:00,938.7352436668024
2026-05-24 09:45:00,938.7352436668024
2026-05-24 10:00:00,938.7352436668024
2026-05-24 10:15:00,938.7352436668024
2026-05-24 10:30:00,938.7352436668024
2026-05-24 10:45:00,938.7352436668024
2026-05-24 11:00:00,938.7352436668024
2026-05-24 11:15:00,938.7352436668024
2026-05-24 11:30:00,938.7352436668024
2026-05-24 11:45:00,938.7352436668024
2026-05-24 12:00:00,938.7352436668024
2026-05-24 12:15:00,938.7352436668024
2026-05-24 12:30:00,938.7352436668024
2026-05-24 12:45:00,938.7352436668024
2026-05-24 13:00:00,938.7352436668024
2026-05-24 13:15:00,938.7352436668024
2026-05-24 13:30:00,938.7352436668024
2026-05-24 13:45:00,938.7352436668024
2026-05-24 14:00:00,938.7352436668024
2026-05-24 14:15:00,937.7965084231356
2026-05-24 14:30:00,938.257755792583
2026-05-24 14:45:00,939.5026758771113
2026-05-24 15:00:00,939.9818357657607
2026-05-24 15:15:00,939.1757724016776
2026-05-24 15:30:00,938.5667467488148
2026-05-24 15:45:00,938.5443560998127
2026-05-24 16:00:00,941.9163878395597
2026-05-24 16:15:00,941.3476653549011
2026-05-24 16:30:00,939.5608915645173
2026-05-24 16:45:00,942.0283410845711
2026-05-24 17:00:00,941.9387784885621
2026-05-24 17:15:00,941.3476653549011
2026-05-24 17:30:00,942.9105326552622
2026-05-24 17:45:00,941.6969594793371
2026-05-24 18:00:00,941.8939971905575
2026-05-24 18:15:00,940.6490771060293
2026-05-24 18:30:00,940.1430484385771
2026-05-24 18:45:00,940.3938237074029
2026-05-24 19:00:00,939.7982324439416
2026-05-24 19:15:00,939.1399473632739
2026-05-24 19:30:00,939.5608915645173
2026-05-24 19:45:00,940.7968553894444
2026-05-24 20:00:00,938.3338839991909
2026-05-24 20:15:00,938.0786306005648
2026-05-24 20:30:00,938.284624571386
2026-05-24 20:45:00,937.3397391834886
2026-05-24 21:00:00,939.7937543141412
2026-05-24 21:15:00,935.4454902778937
2026-05-24 21:30:00,926.7400059457975
2026-05-24 21:45:00,927.2370783536487
2026-05-24 22:00:00,939.5071540069116
2026-05-24 22:15:00,938.450315374003
2026-05-24 22:30:00,936.5471102088071
2026-05-24 22:45:00,936.9904450590526
2026-05-24 23:00:00,938.1368462879706
2026-05-24 23:15:00,937.2994360152844
2026-05-24 23:30:00,943.0627890684776
2026-05-24 23:45:00,940.3400861497975
2026-05-25 00:00:00,942.6463229970349
2026-05-25 00:15:00,943.201611092292
2026-05-25 00:30:00,942.5881073096289
2026-05-25 00:45:00,942.6239323480324
2026-05-25 01:00:00,943.2687830392989
2026-05-25 01:15:00,943.0448765492758
2026-05-25 01:30:00,941.4954436383163
2026-05-25 01:45:00,937.7785959039338
2026-05-25 02:00:00,944.0434994947786
2026-05-25 02:15:00,940.5236894716164
2026-05-25 02:30:00,940.0355733233662
2026-05-25 02:45:00,939.6683666797283
2026-05-25 03:00:00,938.6249624362209
2026-05-25 03:15:00,938.4324028548011
2026-05-25 03:30:00,938.9518659116545
2026-05-25 03:45:00,938.4279247250006
2026-05-25 04:00:00,937.7875521635348
2026-05-25 04:15:00,939.7624074055379
2026-05-25 04:30:00,941.8044345945482
2026-05-25 04:45:00,943.0180077704731
2026-05-25 05:00:00,944.8450847290611
2026-05-25 05:15:00,944.5181812536275
2026-05-25 05:30:00,945.0197317912792
2026-05-25 05:45:00,944.0882807927832
2026-05-25 06:00:00,941.7596532965435
2026-05-25 06:15:00,940.9759805814629
2026-05-25 06:30:00,943.3493893757073
2026-05-25 06:45:00,944.4330967874187
2026-05-25 07:00:00,945.7317544295524
2026-05-25 07:15:00,943.841983653758
2026-05-25 07:30:00,944.9077785462678
2026-05-25 07:45:00,947.6976534119549
2026-05-25 08:00:00,945.8884889725686
2026-05-25 08:15:00,946.0138766069815
2026-05-25 08:30:00,947.1871466147022
2026-05-25 08:45:00,947.9394724211799
2026-05-25 09:00:00,948.7634483044645
2026-05-25 09:15:00,949.1530455971048
2026-05-25 09:30:00,948.709710746859
2026-05-25 09:45:00,948.0290350171889
2026-05-25 10:00:00,948.8530109004738
2026-05-25 10:15:00,948.1006850939963
2026-05-25 10:30:00,947.6618283735511
2026-05-25 10:45:00,948.0335131469895
2026-05-25 11:00:00,947.5274844795374
2026-05-25 11:15:00,947.5364407391382
2026-05-25 11:30:00,948.8888359388775
2026-05-25 11:45:00,947.1020621484935
2026-05-25 12:00:00,947.1781903551013
2026-05-25 12:15:00,948.4231104396296
2026-05-25 12:30:00,948.252941507212
2026-05-25 12:45:00,948.1723351708038
2026-05-25 13:00:00,947.5588313881404
2026-05-25 13:15:00,947.173712225301
2026-05-25 13:30:00,947.9305161615789
2026-05-25 13:45:00,947.6976534119549
2026-05-25 14:00:00,949.2873894911185
2026-05-25 14:15:00,952.8430245526845
2026-05-25 14:30:00,951.4010667569362
2026-05-25 14:45:00,953.0982779513108
2026-05-25 15:00:00,953.9625570027997
2026-05-25 15:15:00,951.6204951171586
2026-05-25 15:30:00,951.8130546985784
2026-05-25 15:45:00,952.5519461156545
2026-05-25 16:00:00,951.6652764151632
2026-05-25 16:15:00,952.7176369182715
2026-05-25 16:30:00,953.8416474981873
2026-05-25 16:45:00,956.7076505704823
2026-05-25 17:00:00,955.8612840381953
2026-05-25 17:15:00,956.2061000328308
2026-05-25 17:30:00,954.8760954820938
2026-05-25 17:45:00,953.1923186771205
2026-05-25 18:00:00,954.6790577708734
2026-05-25 18:15:00,954.6880140304744
2026-05-25 18:30:00,953.1161904705126
2026-05-25 18:45:00,952.431036611042
2026-05-25 19:00:00,951.750360881372
2026-05-25 19:15:00,951.7906640495762
2026-05-25 19:30:00,949.3500833083249
2026-05-25 19:45:00,950.0038902591922
2026-05-25 20:00:00,949.9591089611876
2026-05-25 20:15:00,948.8171858620701
2026-05-25 20:30:00,946.0855266837888
2026-05-25 20:45:00,944.2763622444025
2026-05-25 21:00:00,945.4944135501281
2026-05-25 21:15:00,945.7407106891533
2026-05-25 21:30:00,944.6032657198363
2026-05-25 21:45:00,945.2884195793068
2026-05-25 22:00:00,946.5870772214406
2026-05-25 22:15:00,945.2660289303045
2026-05-25 22:30:00,943.5195583081247
2026-05-25 22:45:00,942.0238629547708
2026-05-25 23:00:00,944.3838373596137
2026-05-25 23:15:00,944.2629278550013
2026-05-25 23:30:00,945.5974105355388
2026-05-25 23:45:00,946.2333049672042
2026-05-26 00:00:00,945.270507060105
2026-05-26 00:15:00,943.318042467104
2026-05-26 00:30:00,938.7727407196361
2026-05-26 00:45:00,939.3996788917007
2026-05-26 01:00:00,939.9504888571573
2026-05-26 01:15:00,939.1265129738724
2026-05-26 01:30:00,936.3008130697816
2026-05-26 01:45:00,937.8771147595439
2026-05-26 02:00:00,937.5994707119154
2026-05-26 02:15:00,935.5977466911094
2026-05-26 02:30:00,934.9484178700425
2026-05-26 02:45:00,935.4051871096895
2026-05-26 03:00:00,933.905013626535
2026-05-26 03:15:00,935.1454555812627
2026-05-26 03:30:00,936.8784918140411
2026-05-26 03:45:00,937.3263047940872
2026-05-26 04:00:00,936.3008130697816
2026-05-26 04:15:00,937.6935114377251
2026-05-26 04:30:00,938.1368462879706
2026-05-26 04:45:00,937.5726019331127
2026-05-26 05:00:00,938.2443214031817
2026-05-26 05:15:00,939.8206230929441
2026-05-26 05:30:00,941.6029187535274
2026-05-26 05:45:00,940.8147679086462
2026-05-26 06:00:00,940.4923425630132
2026-05-26 06:15:00,939.0548628970652
2026-05-26 06:30:00,941.6163531429288
2026-05-26 06:45:00,941.1819745522841
2026-05-26 07:00:00,937.7517271251311
2026-05-26 07:15:00,939.2026411804803
2026-05-26 07:30:00,938.5398779700121
2026-05-26 07:45:00,938.4413591144021
2026-05-26 08:00:00,939.7892761843407
2026-05-26 08:15:00,939.7892761843407
2026-05-26 08:30:00,940.1743953471804
2026-05-26 08:45:00,939.1757724016776
2026-05-26 09:00:00,938.4055340759984
2026-05-26 09:15:00,939.4399820599049
2026-05-26 09:30:00,938.9429096520537
2026-05-26 09:45:00,938.9787346904573
2026-05-26 10:00:00,940.384867447802
2026-05-26 10:15:00,949.9456745717863
2026-05-26 10:30:00,954.8070024174024
2026-05-26 10:45:00,954.8070024174024
2026-05-26 11:00:00,954.8070024174024
2026-05-26 11:15:00,954.8070024174024
2026-05-26 11:30:00,954.8070024174024
2026-05-26 11:45:00,954.8070024174024
2026-05-26 12:00:00,954.8070024174024
2026-05-26 12:15:00,954.8070024174024
2026-05-26 12:30:00,954.8070024174024
2026-05-26 12:45:00,954.8070024174024
2026-05-26 13:00:00,954.8070024174024
2026-05-26 13:15:00,954.8070024174024
2026-05-26 13:30:00,954.8070024174024
2026-05-26 13:45:00,954.8070024174024
2026-05-26 14:00:00,954.8070024174024
2026-05-26 14:15:00,954.8070024174024
2026-05-26 14:30:00,954.8070024174024
2026-05-26 14:45:00,954.8070024174024
2026-05-26 15:00:00,954.8070024174024
2026-05-26 15:15:00,954.8070024174024
2026-05-26 15:30:00,954.8070024174024
2026-05-26 15:45:00,954.8070024174024
2026-05-26 16:00:00,954.8070024174024
2026-05-26 16:15:00,954.8070024174024
2026-05-26 16:30:00,954.8070024174024
2026-05-26 16:45:00,954.8070024174024
2026-05-26 17:00:00,954.8070024174024
2026-05-26 17:15:00,953.852195414985
2026-05-26 17:30:00,954.6514961197854
2026-05-26 17:45:00,956.7768043522034
2026-05-26 18:00:00,958.976036349227
2026-05-26 18:15:00,959.114643407863
2026-05-26 18:30:00,955.3029492953744
2026-05-26 18:45:00,955.7372514124338
2026-05-26 19:00:00,955.1920636484656
2026-05-26 19:15:00,956.8969304696877
2026-05-26 19:30:00,958.9252137610604
2026-05-26 19:45:00,958.3707855265167
2026-05-26 20:00:00,959.2717314076502
2026-05-26 20:15:00,959.9555262302542
2026-05-26 20:30:00,959.3595158781197
2026-05-26 20:45:00,960.2466010533898
2026-05-26 21:00:00,957.0540184694753
2026-05-26 21:15:00,958.9714161139392
2026-05-26 21:30:00,959.7198942305732
2026-05-26 21:45:00,957.7054716450641
2026-05-26 22:00:00,957.2757897632928
2026-05-26 22:15:00,956.5457925878102
2026-05-26 22:30:00,955.6032645890857
2026-05-26 22:45:00,955.829656118191
2026-05-26 23:00:00,958.0797107033811
2026-05-26 23:15:00,958.0288881152148
2026-05-26 23:30:00,959.1516052901659
2026-05-26 23:45:00,958.1305332915477
2026-05-27 00:00:00,960.4776128177831
2026-05-27 00:15:00,959.9878678772694
2026-05-27 00:30:00,960.7594471703428
2026-05-27 00:45:00,962.5613389326102
2026-05-27 01:00:00,961.6511525809007
2026-05-27 01:15:00,958.5371139968798
2026-05-27 01:30:00,958.0843309386692
2026-05-27 01:45:00,958.4816711734255
2026-05-27 02:00:00,958.3245831736381
2026-05-27 02:15:00,957.1464231752325
2026-05-27 02:30:00,956.4626283526285
2026-05-27 02:45:00,959.2809718782262
2026-05-27 03:00:00,959.6875525835582
2026-05-27 03:15:00,959.6552109365432
2026-05-27 03:30:00,957.9734452917603
2026-05-27 03:45:00,956.3887045880227
2026-05-27 04:00:00,955.6771883536916
2026-05-27 04:15:00,954.0092834147723
2026-05-27 04:30:00,953.3578302391834
2026-05-27 04:45:00,957.4097765866409
2026-05-27 05:00:00,957.7747751743822
2026-05-27 05:15:00,959.1007827019993
2026-05-27 05:30:00,958.500152114577
2026-05-27 05:45:00,959.793817995179
2026-05-27 06:00:00,959.2162885841959
2026-05-27 06:15:00,959.9924881125573
2026-05-27 06:30:00,961.3138754048865
2026-05-27 06:45:00,960.8333709349487
2026-05-27 07:00:00,959.8122989363305
2026-05-27 07:15:00,961.0089398758876
2026-05-27 07:30:00,960.8934339936909
2026-05-27 07:45:00,962.7553888147005
2026-05-27 08:00:00,962.7942218922949
2026-05-27 08:15:00,962.7942218922949
2026-05-27 08:30:00,962.7942218922949
2026-05-27 08:45:00,962.7942218922949
2026-05-27 09:00:00,962.7942218922949
2026-05-27 09:15:00,962.7942218922949
2026-05-27 09:30:00,962.7942218922949
2026-05-27 09:45:00,962.7942218922949
2026-05-27 10:00:00,962.7942218922949
2026-05-27 10:15:00,962.7942218922949
2026-05-27 10:30:00,962.7942218922949
2026-05-27 10:45:00,962.7942218922949
2026-05-27 11:00:00,962.7942218922949
2026-05-27 11:15:00,962.7942218922949
2026-05-27 11:30:00,962.7942218922949
2026-05-27 11:45:00,962.7942218922949
2026-05-27 12:00:00,962.7942218922949
2026-05-27 12:15:00,962.7942218922949
2026-05-27 12:30:00,962.7942218922949
2026-05-27 12:45:00,962.7942218922949
2026-05-27 13:00:00,962.7942218922949
2026-05-27 13:15:00,962.7942218922949
2026-05-27 13:30:00,962.7942218922949
2026-05-27 13:45:00,962.7942218922949
2026-05-27 14:00:00,962.7942218922949
2026-05-27 14:15:00,962.7942218922949
2026-05-27 14:30:00,962.7942218922949
2026-05-27 14:45:00,962.7942218922949
2026-05-27 15:00:00,962.7942218922949
2026-05-27 15:15:00,962.7942218922949
2026-05-27 15:30:00,962.7942218922949
2026-05-27 15:45:00,962.7942218922949
2026-05-27 16:00:00,962.7942218922949
2026-05-27 16:15:00,962.7942218922949
2026-05-27 16:30:00,962.7942218922949
2026-05-27 16:45:00,962.7942218922949
2026-05-27 17:00:00,962.7942218922949
2026-05-27 17:15:00,962.7942218922949
2026-05-27 17:30:00,962.7942218922949
2026-05-27 17:45:00,962.7942218922949
2026-05-27 18:00:00,962.7942218922949
2026-05-27 18:15:00,962.7942218922949
2026-05-27 18:30:00,962.7942218922949
2026-05-27 18:45:00,962.7942218922949
2026-05-27 19:00:00,962.7942218922949
2026-05-27 19:15:00,962.7942218922949
2026-05-27 19:30:00,962.7942218922949
2026-05-27 19:45:00,962.7942218922949
2026-05-27 20:00:00,962.7942218922949
2026-05-27 20:15:00,962.7942218922949
2026-05-27 20:30:00,962.7942218922949
2026-05-27 20:45:00,962.7942218922949
2026-05-27 21:00:00,962.7942218922949
2026-05-27 21:15:00,962.7942218922949
2026-05-27 21:30:00,962.7942218922949
2026-05-27 21:45:00,962.7942218922949
2026-05-27 22:00:00,962.7942218922949
2026-05-27 22:15:00,962.7942218922949
2026-05-27 22:30:00,962.7942218922949
2026-05-27 22:45:00,962.7942218922949
2026-05-27 23:00:00,962.7942218922949
2026-05-27 23:15:00,962.7942218922949
2026-05-27 23:30:00,962.7942218922949
2026-05-27 23:45:00,962.7942218922949
2026-05-28 00:00:00,962.7942218922949
2026-05-28 00:15:00,962.7942218922949
2026-05-28 00:30:00,962.7942218922949
2026-05-28 00:45:00,962.7942218922949
2026-05-28 01:00:00,962.7942218922949
2026-05-28 01:15:00,962.7942218922949
2026-05-28 01:30:00,962.7942218922949
2026-05-28 01:45:00,962.7942218922949
2026-05-28 02:00:00,962.7942218922949
2026-05-28 02:15:00,962.7942218922949
2026-05-28 02:30:00,962.7942218922949
2026-05-28 02:45:00,962.7942218922949
2026-05-28 03:00:00,962.7942218922949
2026-05-28 03:15:00,961.8314276704026
2026-05-28 03:30:00,959.9354308905233
2026-05-28 03:45:00,958.4215355025075
2026-05-28 04:00:00,957.2945782328343
2026-05-28 04:15:00,957.8604752309105
2026-05-28 04:30:00,958.9680855946666
2026-05-28 04:45:00,958.7988001678916
2026-05-28 05:00:00,957.6718428982184
2026-05-28 05:15:00,955.6984584946706
2026-05-28 05:30:00,957.715373436532
2026-05-28 05:45:00,956.9560073792844
2026-05-28 06:00:00,957.32359859171
2026-05-28 06:15:00,956.6416201581309
2026-05-28 06:30:00,955.9499682715934
2026-05-28 06:45:00,959.6403905752869
2026-05-28 07:00:00,961.1107554249893
2026-05-28 07:15:00,962.1361414385975
2026-05-28 07:30:00,965.2171362059013
2026-05-28 07:45:00,965.1977892999843
2026-05-28 08:00:00,963.9692607742461
2026-05-28 08:15:00,961.0140208954036
2026-05-28 08:30:00,962.145814891556
2026-05-28 08:45:00,961.6669789701069
2026-05-28 09:00:00,961.5267139022078
2026-05-28 09:15:00,963.0793031020579
2026-05-28 09:30:00,964.2546276365239
2026-05-28 09:45:00,964.462606875133
2026-05-28 10:00:00,965.2848503766113
2026-05-28 10:15:00,963.8870364240983
2026-05-28 10:30:00,964.4916272340088
2026-05-28 10:45:00,962.6633446248394
2026-05-28 11:00:00,962.9680583930343
2026-05-28 11:15:00,961.4880200903735
2026-05-28 11:30:00,962.9342013076794
2026-05-28 11:45:00,962.4553653862303
2026-05-28 12:00:00,960.9608169041314
2026-05-28 12:15:00,960.5206747945167
2026-05-28 12:30:00,963.0841398285372
2026-05-28 12:45:00,963.4227106820871
2026-05-28 13:00:00,961.0140208954036
2026-05-28 13:15:00,960.9801638100486
2026-05-28 13:30:00,955.8483970155285
2026-05-28 13:45:00,958.4215355025075
2026-05-28 14:00:00,964.307831627796
2026-05-28 14:15:00,962.3683043096031
2026-05-28 14:30:00,959.7806556431862
2026-05-28 14:45:00,964.2594643630031
2026-05-28 15:00:00,962.1651617974732
2026-05-28 15:15:00,963.8676895181811
2026-05-28 15:30:00,963.7370979032405
2026-05-28 15:45:00,962.8229565986559
2026-05-28 16:00:00,965.347727820842
2026-05-28 16:15:00,966.7648886792722
2026-05-28 16:30:00,970.7842083835571
2026-05-28 16:45:00,973.7249380829618
2026-05-28 17:00:00,974.8857524379899
2026-05-28 17:15:00,974.4165899694993
2026-05-28 17:30:00,976.0417300665388
2026-05-28 17:45:00,976.7817492178692
2026-05-28 18:00:00,977.9599902984023
2026-05-28 18:15:00,977.9599902984023
2026-05-28 18:30:00,977.9599902984023
2026-05-28 18:45:00,977.9599902984023
2026-05-28 19:00:00,977.9599902984023
2026-05-28 19:15:00,977.9599902984023
2026-05-28 19:30:00,977.9599902984023
2026-05-28 19:45:00,977.9599902984023
2026-05-28 20:00:00,977.9599902984023
2026-05-28 20:15:00,977.9599902984023
2026-05-28 20:30:00,977.9599902984023
2026-05-28 20:45:00,977.9599902984023
2026-05-28 21:00:00,977.9599902984023
2026-05-28 21:15:00,977.9599902984023
2026-05-28 21:30:00,977.9599902984023
2026-05-28 21:45:00,977.9599902984023
2026-05-28 22:00:00,977.9599902984023
2026-05-28 22:15:00,977.9599902984023
2026-05-28 22:30:00,977.9599902984023
2026-05-28 22:45:00,977.9599902984023
2026-05-28 23:00:00,977.9599902984023
2026-05-28 23:15:00,977.9599902984023
2026-05-28 23:30:00,977.9599902984023
2026-05-28 23:45:00,977.9599902984023
2026-05-29 00:00:00,977.9599902984023
2026-05-29 00:15:00,977.9599902984023
2026-05-29 00:30:00,977.9599902984023
2026-05-29 00:45:00,977.9599902984023
2026-05-29 01:00:00,977.9599902984023
2026-05-29 01:15:00,977.9599902984023
2026-05-29 01:30:00,977.9599902984023
2026-05-29 01:45:00,977.9599902984023
2026-05-29 02:00:00,977.9599902984023
2026-05-29 02:15:00,977.9599902984023
2026-05-29 02:30:00,977.9599902984023
2026-05-29 02:45:00,977.9599902984023
2026-05-29 03:00:00,977.9599902984023
2026-05-29 03:15:00,977.9599902984023
2026-05-29 03:30:00,977.9599902984023
2026-05-29 03:45:00,977.9599902984023
2026-05-29 04:00:00,977.9599902984023
2026-05-29 04:15:00,977.9599902984023
2026-05-29 04:30:00,977.9599902984023
2026-05-29 04:45:00,977.9599902984023
2026-05-29 05:00:00,977.9599902984023
2026-05-29 05:15:00,977.9599902984023
2026-05-29 05:30:00,977.9599902984023
2026-05-29 05:45:00,977.9599902984023
2026-05-29 06:00:00,977.9599902984023
2026-05-29 06:15:00,977.9599902984023
2026-05-29 06:30:00,977.9599902984023
2026-05-29 06:45:00,977.9599902984023
2026-05-29 07:00:00,977.9599902984023
2026-05-29 07:15:00,977.9599902984023
2026-05-29 07:30:00,977.9599902984023
2026-05-29 07:45:00,977.9599902984023
2026-05-29 08:00:00,977.9599902984023
2026-05-29 08:15:00,977.9599902984023
2026-05-29 08:30:00,977.9599902984023
2026-05-29 08:45:00,977.9599902984023
2026-05-29 09:00:00,977.9599902984023
2026-05-29 09:15:00,977.9599902984023
2026-05-29 09:30:00,977.9599902984023
2026-05-29 09:45:00,977.9599902984023
2026-05-29 10:00:00,977.9599902984023
2026-05-29 10:15:00,977.9599902984023
2026-05-29 10:30:00,977.9599902984023
2026-05-29 10:45:00,977.9599902984023
2026-05-29 11:00:00,977.9599902984023
2026-05-29 11:15:00,977.9599902984023
2026-05-29 11:30:00,977.9599902984023
2026-05-29 11:45:00,977.9599902984023
2026-05-29 12:00:00,977.9599902984023
2026-05-29 12:15:00,977.9599902984023
2026-05-29 12:30:00,977.9599902984023
2026-05-29 12:45:00,976.982030308104
2026-05-29 13:00:00,975.2134982947249
2026-05-29 13:15:00,975.575021413482
2026-05-29 13:30:00,978.5014044963939
2026-05-29 13:45:00,976.8598941193347
2026-05-29 14:00:00,974.8226624906631
2026-05-29 14:15:00,970.8654499745386
2026-05-29 14:30:00,970.1521746321259
2026-05-29 14:45:00,977.9884325035628
2026-05-29 15:00:00,986.8262071229078
2026-05-29 15:15:00,989.4154943248164
2026-05-29 15:30:00,995.5251492433517
2026-05-29 15:45:00,995.5251492433517
2026-05-29 16:00:00,995.5251492433517
2026-05-29 16:15:00,995.5251492433517
2026-05-29 16:30:00,995.5251492433517
2026-05-29 16:45:00,995.5251492433517
2026-05-29 17:00:00,995.5251492433517
2026-05-29 17:15:00,995.5251492433517
2026-05-29 17:30:00,995.5251492433517
2026-05-29 17:45:00,995.5251492433517
2026-05-29 18:00:00,995.5251492433517
2026-05-29 18:15:00,995.5251492433517
2026-05-29 18:30:00,995.5251492433517
2026-05-29 18:45:00,995.5251492433517
2026-05-29 19:00:00,995.5251492433517
2026-05-29 19:15:00,995.5251492433517
2026-05-29 19:30:00,995.5251492433517
2026-05-29 19:45:00,995.5251492433517
2026-05-29 20:00:00,995.5251492433517
2026-05-29 20:15:00,995.5251492433517
2026-05-29 20:30:00,995.5251492433517
2026-05-29 20:45:00,995.5251492433517
2026-05-29 21:00:00,995.5251492433517
2026-05-29 21:15:00,995.5251492433517
2026-05-29 21:30:00,995.5251492433517
2026-05-29 21:45:00,995.5251492433517
2026-05-29 22:00:00,995.5251492433517
2026-05-29 22:15:00,995.5251492433517
2026-05-29 22:30:00,995.5251492433517
2026-05-29 22:45:00,995.5251492433517
2026-05-29 23:00:00,995.5251492433517
2026-05-29 23:15:00,995.5251492433517
2026-05-29 23:30:00,995.5251492433517
2026-05-29 23:45:00,995.5251492433517
2026-05-30 00:00:00,995.5251492433517
2026-05-30 00:15:00,995.5251492433517
2026-05-30 00:30:00,995.5251492433517
2026-05-30 00:45:00,995.5251492433517
2026-05-30 01:00:00,995.5251492433517
2026-05-30 01:15:00,995.5251492433517
2026-05-30 01:30:00,995.5251492433517
2026-05-30 01:45:00,995.5251492433517
2026-05-30 02:00:00,995.5251492433517
2026-05-30 02:15:00,995.5251492433517
2026-05-30 02:30:00,995.5251492433517
2026-05-30 02:45:00,995.5251492433517
2026-05-30 03:00:00,995.5251492433517
2026-05-30 03:15:00,995.5251492433517
2026-05-30 03:30:00,995.5251492433517
2026-05-30 03:45:00,995.5251492433517
2026-05-30 04:00:00,995.5251492433517
2026-05-30 04:15:00,995.5251492433517
2026-05-30 04:30:00,995.5251492433517
2026-05-30 04:45:00,995.5251492433517
2026-05-30 05:00:00,995.5251492433517
2026-05-30 05:15:00,995.5251492433517
2026-05-30 05:30:00,995.5251492433517
2026-05-30 05:45:00,995.5251492433517
2026-05-30 06:00:00,995.5251492433517
2026-05-30 06:15:00,995.5251492433517
2026-05-30 06:30:00,995.5251492433517
2026-05-30 06:45:00,995.5251492433517
2026-05-30 07:00:00,995.5251492433517
2026-05-30 07:15:00,995.5251492433517
2026-05-30 07:30:00,995.5251492433517
2026-05-30 07:45:00,995.5251492433517
2026-05-30 08:00:00,995.5251492433517
2026-05-30 08:15:00,995.5251492433517
2026-05-30 08:30:00,995.5251492433517
2026-05-30 08:45:00,995.5251492433517
2026-05-30 09:00:00,995.5251492433517
2026-05-30 09:15:00,995.5251492433517
2026-05-30 09:30:00,995.5251492433517
2026-05-30 09:45:00,995.5251492433517
2026-05-30 10:00:00,995.5251492433517
2026-05-30 10:15:00,995.5251492433517
2026-05-30 10:30:00,995.5251492433517
2026-05-30 10:45:00,995.5251492433517
2026-05-30 11:00:00,995.5251492433517
2026-05-30 11:15:00,995.5251492433517
2026-05-30 11:30:00,995.5251492433517
2026-05-30 11:45:00,995.5251492433517
2026-05-30 12:00:00,995.5251492433517
2026-05-30 12:15:00,995.5251492433517
2026-05-30 12:30:00,995.5251492433517
2026-05-30 12:45:00,995.5251492433517
2026-05-30 13:00:00,995.5251492433517
2026-05-30 13:15:00,995.5251492433517
2026-05-30 13:30:00,995.5251492433517
2026-05-30 13:45:00,995.5251492433517
2026-05-30 14:00:00,995.5251492433517
2026-05-30 14:15:00,995.5251492433517
2026-05-30 14:30:00,995.5251492433517
2026-05-30 14:45:00,995.5251492433517
2026-05-30 15:00:00,995.5251492433517
2026-05-30 15:15:00,995.5251492433517
2026-05-30 15:30:00,995.5251492433517
2026-05-30 15:45:00,995.5251492433517
2026-05-30 16:00:00,995.5251492433517
2026-05-30 16:15:00,995.5251492433517
2026-05-30 16:30:00,995.5251492433517
2026-05-30 16:45:00,995.5251492433517
2026-05-30 17:00:00,995.5251492433517
2026-05-30 17:15:00,995.5251492433517
2026-05-30 17:30:00,995.5251492433517
2026-05-30 17:45:00,995.5251492433517
2026-05-30 18:00:00,995.5251492433517
2026-05-30 18:15:00,995.5251492433517
2026-05-30 18:30:00,995.5251492433517
2026-05-30 18:45:00,995.5251492433517
2026-05-30 19:00:00,995.5251492433517
2026-05-30 19:15:00,995.5251492433517
2026-05-30 19:30:00,995.5251492433517
2026-05-30 19:45:00,995.5251492433517
2026-05-30 20:00:00,995.5251492433517
2026-05-30 20:15:00,995.5251492433517
2026-05-30 20:30:00,995.5251492433517
2026-05-30 20:45:00,995.5251492433517
2026-05-30 21:00:00,995.5251492433517
2026-05-30 21:15:00,995.5251492433517
2026-05-30 21:30:00,995.5251492433517
2026-05-30 21:45:00,995.5251492433517
2026-05-30 22:00:00,995.5251492433517
2026-05-30 22:15:00,995.5251492433517
2026-05-30 22:30:00,995.5251492433517
2026-05-30 22:45:00,995.5251492433517
2026-05-30 23:00:00,995.5251492433517
2026-05-30 23:15:00,995.5251492433517
2026-05-30 23:30:00,995.5251492433517
2026-05-30 23:45:00,995.5251492433517
2026-05-31 00:00:00,995.5251492433517
2026-05-31 00:15:00,995.5251492433517
2026-05-31 00:30:00,995.5251492433517
2026-05-31 00:45:00,995.5251492433517
2026-05-31 01:00:00,995.5251492433517
2026-05-31 01:15:00,995.5251492433517
2026-05-31 01:30:00,995.5251492433517
2026-05-31 01:45:00,995.5251492433517
2026-05-31 02:00:00,995.5251492433517
2026-05-31 02:15:00,995.5251492433517
2026-05-31 02:30:00,995.5251492433517
2026-05-31 02:45:00,995.5251492433517
2026-05-31 03:00:00,995.5251492433517
2026-05-31 03:15:00,995.5251492433517
2026-05-31 03:30:00,995.5251492433517
2026-05-31 03:45:00,995.5251492433517
2026-05-31 04:00:00,995.5251492433517
2026-05-31 04:15:00,995.5251492433517
2026-05-31 04:30:00,995.5251492433517
2026-05-31 04:45:00,995.5251492433517
2026-05-31 05:00:00,995.5251492433517
2026-05-31 05:15:00,995.5251492433517
2026-05-31 05:30:00,995.5251492433517
2026-05-31 05:45:00,995.5251492433517
2026-05-31 06:00:00,995.5251492433517
2026-05-31 06:15:00,995.5251492433517
2026-05-31 06:30:00,995.5251492433517
2026-05-31 06:45:00,995.5251492433517
2026-05-31 07:00:00,995.5251492433517
2026-05-31 07:15:00,995.5251492433517
2026-05-31 07:30:00,995.5251492433517
2026-05-31 07:45:00,994.5296240941084
2026-05-31 08:00:00,995.5074423617787
2026-05-31 08:15:00,995.9742400272494
2026-05-31 08:30:00,994.4903148170162
2026-05-31 08:45:00,996.3083688825337
2026-05-31 09:00:00,995.2224501028597
2026-05-31 09:15:00,995.9447580694302
2026-05-31 09:30:00,996.1069088374358
2026-05-31 09:45:00,993.1144901187866
2026-05-31 10:00:00,992.5789012184044
2026-05-31 10:15:00,991.8516795921973
2026-05-31 10:30:00,991.7091834627379
2026-05-31 10:45:00,993.0751808416943
2026-05-31 11:00:00,993.5272375282555
2026-05-31 11:15:00,994.1267040039127
2026-05-31 11:30:00,994.038258130455
2026-05-31 11:45:00,994.1660132810049
2026-05-31 12:00:00,993.5812877842573
2026-05-31 12:15:00,994.2937684315548
2026-05-31 12:30:00,994.9571124824869
2026-05-31 12:45:00,993.7139565944437
2026-05-31 13:00:00,994.4608328591969
2026-05-31 13:15:00,994.7409114584793
2026-05-31 13:30:00,993.8220571064475
2026-05-31 13:45:00,992.804929561685
2026-05-31 14:00:00,990.5004231921505
2026-05-31 14:15:00,988.2548807382545
2026-05-31 14:30:00,987.1689619585806
2026-05-31 14:45:00,986.6923369738367
2026-05-31 15:00:00,988.2941900153468
2026-05-31 15:15:00,989.3850224546574
2026-05-31 15:30:00,987.4342995789533
2026-05-31 15:45:00,987.9010972444241
2026-05-31 16:00:00,986.2402802872757
2026-05-31 16:15:00,986.2451939469122
2026-05-31 16:30:00,983.0709698217113
2026-05-31 16:45:00,983.7588821708259
2026-05-31 17:00:00,982.9088190537055
2026-05-31 17:15:00,984.0094788122891
2026-05-31 17:30:00,985.360735212336
2026-05-31 17:45:00,985.6801230887107
2026-05-31 18:00:00,984.0586154086545
2026-05-31 18:15:00,984.127406643566
2026-05-31 18:30:00,983.1741566740785
2026-05-31 18:45:00,983.0660561620747
2026-05-31 19:00:00,982.029273978766
2026-05-31 19:15:00,981.4445484820185
2026-05-31 19:30:00,981.7295407409375
2026-05-31 19:45:00,982.5304672616925
2026-05-31 20:00:00,983.4689762522705
2026-05-31 20:15:00,984.1667159206584
2026-05-31 20:30:00,984.3337803483005
2026-05-31 20:45:00,986.2157119890929
2026-05-31 21:00:00,985.8963241127183
2026-05-31 21:15:00,986.1911436909103
2026-05-31 21:30:00,987.2524941724016
2026-05-31 21:45:00,988.7167647440888
2026-05-31 22:00:00,988.4907364008081
2026-05-31 22:15:00,987.586623027686
2026-05-31 22:30:00,987.281352095447
2026-05-31 22:45:00,987.281352095447
2026-05-31 23:00:00,987.281352095447
2026-05-31 23:15:00,987.281352095447
2026-05-31 23:30:00,987.281352095447
2026-05-31 23:45:00,987.281352095447
2026-06-01 00:00:00,987.281352095447
2026-06-01 00:15:00,987.281352095447
2026-06-01 00:30:00,987.281352095447
2026-06-01 00:45:00,987.281352095447
2026-06-01 01:00:00,987.281352095447
2026-06-01 01:15:00,987.281352095447
2026-06-01 01:30:00,987.281352095447
2026-06-01 01:45:00,987.281352095447
2026-06-01 02:00:00,987.281352095447
2026-06-01 02:15:00,987.281352095447
2026-06-01 02:30:00,987.281352095447
2026-06-01 02:45:00,987.281352095447
2026-06-01 03:00:00,987.281352095447
2026-06-01 03:15:00,987.281352095447
2026-06-01 03:30:00,987.281352095447
2026-06-01 03:45:00,987.281352095447
2026-06-01 04:00:00,987.281352095447
2026-06-01 04:15:00,987.281352095447
2026-06-01 04:30:00,987.281352095447
2026-06-01 04:45:00,987.281352095447
2026-06-01 05:00:00,987.281352095447
2026-06-01 05:15:00,987.281352095447
2026-06-01 05:30:00,987.281352095447
2026-06-01 05:45:00,987.281352095447
2026-06-01 06:00:00,987.281352095447
2026-06-01 06:15:00,987.281352095447
2026-06-01 06:30:00,986.2940707433515
2026-06-01 06:45:00,989.2497733361257
2026-06-01 07:00:00,989.7722460166666
2026-06-01 07:15:00,988.0655019268997
2026-06-01 07:30:00,986.8663027268011
2026-06-01 07:45:00,983.4577904775582
2026-06-01 08:00:00,984.5375673506759
2026-06-01 08:15:00,983.1244031480701
2026-06-01 08:30:00,984.7465564228924
2026-06-01 08:45:00,987.2046659865799
2026-06-01 09:00:00,988.1948761144622
2026-06-01 09:15:00,988.7073969344214
2026-06-01 09:30:00,989.1253750788541
2026-06-01 09:45:00,988.9810731004189
2026-06-01 10:00:00,987.6724034339213
2026-06-01 10:15:00,987.0603640081449
2026-06-01 10:30:00,987.7669461094478
2026-06-01 10:45:00,987.4683902919959
2026-06-01 11:00:00,987.2643771500703
2026-06-01 11:15:00,987.2245697077434
2026-06-01 11:30:00,988.1699964630079
2026-06-01 11:45:00,985.9507315532818
2026-06-01 12:00:00,983.5772128045389
2026-06-01 12:15:00,988.8069155402387
2026-06-01 12:30:00,991.6780273180682
2026-06-01 12:45:00,989.9862110191738
2026-06-01 13:00:00,983.1393309389427
2026-06-01 13:15:00,983.7264907132649
2026-06-01 13:30:00,982.5820267463658
2026-06-01 13:45:00,980.8653307960171
2026-06-01 14:00:00,979.9049762498801
2026-06-01 14:15:00,979.4621184539931
2026-06-01 14:30:00,979.1834663577044
2026-06-01 14:45:00,979.576564850683
2026-06-01 15:00:00,980.4622804424571
2026-06-01 15:15:00,976.0834617864951
2026-06-01 15:30:00,982.4576284890942
2026-06-01 15:45:00,979.4869981054474
2026-06-01 16:00:00,978.8600308887983
2026-06-01 16:15:00,980.8454270748537
2026-06-01 16:30:00,981.2285737072503
2026-06-01 16:45:00,984.3136504875871
2026-06-01 17:00:00,987.0951955201809
2026-06-01 17:15:00,990.7873357960033
2026-06-01 17:30:00,991.9317997629023
2026-06-01 17:45:00,990.5186355602964
2026-06-01 18:00:00,987.72216273683
2026-06-01 18:15:00,991.279952894799
2026-06-01 18:30:00,991.5138216184696
2026-06-01 18:45:00,991.5635809213783
2026-06-01 19:00:00,992.6383818642053
2026-06-01 19:15:00,995.3888721158538
2026-06-01 19:30:00,995.3888721158538
2026-06-01 19:45:00,995.3888721158538
2026-06-01 20:00:00,995.3888721158538
2026-06-01 20:15:00,995.3888721158538
2026-06-01 20:30:00,995.3888721158538
2026-06-01 20:45:00,995.3888721158538
2026-06-01 21:00:00,995.3888721158538
2026-06-01 21:15:00,995.3888721158538
2026-06-01 21:30:00,995.3888721158538
2026-06-01 21:45:00,995.3888721158538
2026-06-01 22:00:00,995.3888721158538
2026-06-01 22:15:00,995.3888721158538
2026-06-01 22:30:00,995.3888721158538
2026-06-01 22:45:00,995.3888721158538
2026-06-01 23:00:00,995.3888721158538
2026-06-01 23:15:00,995.3888721158538
2026-06-01 23:30:00,995.3888721158538
2026-06-01 23:45:00,995.3888721158538
2026-06-02 00:00:00,995.3888721158538
2026-06-02 00:15:00,995.3888721158538
2026-06-02 00:30:00,995.3888721158538
2026-06-02 00:45:00,995.3888721158538
2026-06-02 01:00:00,995.3888721158538
2026-06-02 01:15:00,995.3888721158538
2026-06-02 01:30:00,995.3888721158538
2026-06-02 01:45:00,995.3888721158538
2026-06-02 02:00:00,995.3888721158538
2026-06-02 02:15:00,995.3888721158538
2026-06-02 02:30:00,995.3888721158538
2026-06-02 02:45:00,995.3888721158538
2026-06-02 03:00:00,995.3888721158538
2026-06-02 03:15:00,995.3888721158538
2026-06-02 03:30:00,995.3888721158538
2026-06-02 03:45:00,995.3888721158538
2026-06-02 04:00:00,995.3888721158538
2026-06-02 04:15:00,995.3888721158538
2026-06-02 04:30:00,995.3888721158538
2026-06-02 04:45:00,995.3888721158538
2026-06-02 05:00:00,995.3888721158538
2026-06-02 05:15:00,995.3888721158538
2026-06-02 05:30:00,995.3888721158538
2026-06-02 05:45:00,995.3888721158538
2026-06-02 06:00:00,995.3888721158538
2026-06-02 06:15:00,995.3888721158538
2026-06-02 06:30:00,995.3888721158538
2026-06-02 06:45:00,995.3888721158538
2026-06-02 07:00:00,995.3888721158538
2026-06-02 07:15:00,995.3888721158538
2026-06-02 07:30:00,995.3888721158538
2026-06-02 07:45:00,995.3888721158538
2026-06-02 08:00:00,995.3888721158538
2026-06-02 08:15:00,995.3888721158538
2026-06-02 08:30:00,995.3888721158538
2026-06-02 08:45:00,995.3888721158538
2026-06-02 09:00:00,995.3888721158538
2026-06-02 09:15:00,995.3888721158538
2026-06-02 09:30:00,995.3888721158538
2026-06-02 09:45:00,995.3888721158538
2026-06-02 10:00:00,995.3888721158538
2026-06-02 10:15:00,995.3888721158538
2026-06-02 10:30:00,995.3888721158538
2026-06-02 10:45:00,995.3888721158538
2026-06-02 11:00:00,995.3888721158538
2026-06-02 11:15:00,995.3888721158538
2026-06-02 11:30:00,995.3888721158538
2026-06-02 11:45:00,995.3888721158538
2026-06-02 12:00:00,995.3888721158538
2026-06-02 12:15:00,995.3888721158538
2026-06-02 12:30:00,995.3888721158538
2026-06-02 12:45:00,995.3888721158538
2026-06-02 13:00:00,995.3888721158538
2026-06-02 13:15:00,995.3888721158538
2026-06-02 13:30:00,995.3888721158538
2026-06-02 13:45:00,995.3888721158538
2026-06-02 14:00:00,995.3888721158538
2026-06-02 14:15:00,994.3934832437379
2026-06-02 14:30:00,994.1419031352121
2026-06-02 14:45:00,996.7501214031935
2026-06-02 15:00:00,993.3974313854931
2026-06-02 15:15:00,982.0609236380467
2026-06-02 15:30:00,980.2331171352882
2026-06-02 15:45:00,983.1185869514408
2026-06-02 16:00:00,992.6632282116323
2026-06-02 16:15:00,991.5798934585928
2026-06-02 16:30:00,988.3504263511907
2026-06-02 16:45:00,986.0862053744588
2026-06-02 17:00:00,988.5301264287091
2026-06-02 17:15:00,989.9266527454234
2026-06-02 17:30:00,987.7805203910609
2026-06-02 17:45:00,987.9294147410047
2026-06-02 18:00:00,987.1387343999238
2026-06-02 18:15:00,982.4716666723745
2026-06-02 18:30:00,981.860686408812
2026-06-02 18:45:00,982.2457580034942
2026-06-02 19:00:00,983.2315412858809
2026-06-02 19:15:00,977.7019131862432
2026-06-02 19:30:00,976.788009934864
2026-06-02 19:45:00,981.8196121053792
2026-06-02 20:00:00,982.9594240256388
2026-06-02 20:15:00,973.7074371774057
2026-06-02 20:30:00,976.0281353213577
2026-06-02 20:45:00,978.9752165926594
2026-06-02 21:00:00,976.4902212349764
2026-06-02 21:15:00,980.4846972438139
2026-06-02 21:30:00,978.0202390378474
2026-06-02 21:45:00,975.6892723180372
2026-06-02 22:00:00,969.861855518512
2026-06-02 22:15:00,976.0435381851449
2026-06-02 22:30:00,971.6280505661215
2026-06-02 22:45:00,959.4803253258777
2026-06-02 23:00:00,961.2208489338417
2026-06-02 23:15:00,948.9961093746614
2026-06-02 23:30:00,952.7030652594696
2026-06-02 23:45:00,954.8954062051939
2026-06-03 00:00:00,959.0593137156918
2026-06-03 00:15:00,956.9747928164784
2026-06-03 00:30:00,960.2093942118096
2026-06-03 00:45:00,958.7512564399459
2026-06-03 01:00:00,954.474394595008
2026-06-03 01:15:00,959.0490451398335
2026-06-03 01:30:00,950.551798617178
2026-06-03 01:45:00,950.551798617178
2026-06-03 02:00:00,950.551798617178
2026-06-03 02:15:00,950.551798617178
2026-06-03 02:30:00,950.551798617178
2026-06-03 02:45:00,950.551798617178
2026-06-03 03:00:00,950.551798617178
2026-06-03 03:15:00,950.551798617178
2026-06-03 03:30:00,950.551798617178
2026-06-03 03:45:00,950.551798617178
2026-06-03 04:00:00,950.551798617178
2026-06-03 04:15:00,950.551798617178
2026-06-03 04:30:00,950.551798617178
2026-06-03 04:45:00,950.551798617178
2026-06-03 05:00:00,950.551798617178
2026-06-03 05:15:00,950.551798617178
2026-06-03 05:30:00,950.551798617178
2026-06-03 05:45:00,950.551798617178
2026-06-03 06:00:00,950.551798617178
2026-06-03 06:15:00,950.551798617178
2026-06-03 06:30:00,950.551798617178
2026-06-03 06:45:00,950.551798617178
2026-06-03 07:00:00,950.551798617178
2026-06-03 07:15:00,950.551798617178
2026-06-03 07:30:00,950.551798617178
2026-06-03 07:45:00,950.551798617178
2026-06-03 08:00:00,950.551798617178
2026-06-03 08:15:00,950.551798617178
2026-06-03 08:30:00,950.551798617178
2026-06-03 08:45:00,950.551798617178
2026-06-03 09:00:00,950.551798617178
2026-06-03 09:15:00,950.551798617178
2026-06-03 09:30:00,950.551798617178
2026-06-03 09:45:00,950.551798617178
2026-06-03 10:00:00,950.551798617178
2026-06-03 10:15:00,950.551798617178
2026-06-03 10:30:00,950.551798617178
2026-06-03 10:45:00,950.551798617178
2026-06-03 11:00:00,950.551798617178
2026-06-03 11:15:00,950.551798617178
2026-06-03 11:30:00,950.551798617178
2026-06-03 11:45:00,950.551798617178
2026-06-03 12:00:00,950.551798617178
2026-06-03 12:15:00,950.551798617178
2026-06-03 12:30:00,950.551798617178
2026-06-03 12:45:00,950.551798617178
2026-06-03 13:00:00,950.551798617178
2026-06-03 13:15:00,950.551798617178
2026-06-03 13:30:00,950.551798617178
2026-06-03 13:45:00,950.551798617178
2026-06-03 14:00:00,950.551798617178
2026-06-03 14:15:00,950.551798617178
2026-06-03 14:30:00,949.6012468185606
2026-06-03 14:45:00,952.0087890478329
2026-06-03 15:00:00,948.3257616800739
2026-06-03 15:15:00,949.5449000855352
2026-06-03 15:30:00,945.088385746244
2026-06-03 15:45:00,941.098012561982
2026-06-03 16:00:00,940.8009116060293
2026-06-03 16:15:00,931.8520259155215
2026-06-03 16:30:00,936.6363757924157
2026-06-03 16:45:00,938.7775516473856
2026-06-03 17:00:00,932.5896558751283
2026-06-03 17:15:00,937.210087983221
2026-06-03 17:30:00,940.4833209289764
2026-06-03 17:45:00,936.4366010116888
2026-06-03 18:00:00,937.0308029235944
2026-06-03 18:15:00,935.1816055943024
2026-06-03 18:30:00,937.5174337997239
2026-06-03 18:45:00,938.5572871455586
2026-06-03 19:00:00,936.344397266738
2026-06-03 19:15:00,930.1308893431055
2026-06-03 19:30:00,932.2874324889005
2026-06-03 19:45:00,923.7841982323218
2026-06-03 20:00:00,927.8565303009844
2026-06-03 20:15:00,927.4160012973305
2026-06-03 20:30:00,918.8564203077262
2026-06-03 20:45:00,912.5302189180428
2026-06-03 21:00:00,920.9361269993955
2026-06-03 21:15:00,922.9594869580392
2026-06-03 21:30:00,937.1076393777201
2026-06-03 21:45:00,947.700825186518
2026-06-03 22:00:00,941.7639284977382
2026-06-03 22:15:00,937.1895982621209
2026-06-03 22:30:00,937.8555141978771
2026-06-03 22:45:00,936.8924973061681
2026-06-03 23:00:00,934.1058952365423
2026-06-03 23:15:00,933.4860811732616
2026-06-03 23:30:00,930.4894594623589
2026-06-03 23:45:00,928.7222210174675
2026-06-04 00:00:00,930.7507034063863
2026-06-04 00:15:00,913.9337648134058
2026-06-04 00:30:00,922.4062644883342
2026-06-04 00:45:00,918.8871548893765
2026-06-04 01:00:00,915.3321882784937
2026-06-04 01:15:00,908.5142335824055
2026-06-04 01:30:00,912.5865656510682
2026-06-04 01:45:00,901.429912512015
2026-06-04 02:00:00,894.1355718003475
2026-06-04 02:15:00,904.9029202384971
2026-06-04 02:30:00,908.7703550961579
2026-06-04 02:45:00,905.0412258559234
2026-06-04 03:00:00,918.723237120575
2026-06-04 03:15:00,919.3891530563311
2026-06-04 03:30:00,926.4376171147964
2026-06-04 03:45:00,926.7705750826744
2026-06-04 04:00:00,929.2088518935971
2026-06-04 04:15:00,927.6362657991575
2026-06-04 04:30:00,925.8331703423408
2026-06-04 04:45:00,924.8496637295317
2026-06-04 05:00:00,918.3083202682961
2026-06-04 05:15:00,914.1181723033073
2026-06-04 05:30:00,918.9588689132272
2026-06-04 05:45:00,913.8722956501051
2026-06-04 06:00:00,917.2684669224616
2026-06-04 06:15:00,920.7209849278436
2026-06-04 06:30:00,921.0897999076469
2026-06-04 06:45:00,916.889407082108
2026-06-04 07:00:00,913.5290928216771
2026-06-04 07:15:00,910.7783477639765
2026-06-04 07:30:00,914.1130498730323
2026-06-04 07:45:00,910.4863692382988
2026-06-04 08:00:00,905.5073670109527
2026-06-04 08:15:00,907.484625097121
2026-06-04 08:30:00,906.178405376984
2026-06-04 08:45:00,908.5296008732307
2026-06-04 09:00:00,902.1880321927221
2026-06-04 09:15:00,896.0052588507399
2026-06-04 09:30:00,897.8390888892068
2026-06-04 09:45:00,904.887552947672
2026-06-04 10:00:00,899.4475319955717
2026-06-04 10:15:00,898.9916357010925
2026-06-04 10:30:00,897.8800683314072
2026-06-04 10:45:00,889.6944247518813
2026-06-04 11:00:00,889.4485480986792
2026-06-04 11:15:00,895.3137307636084
2026-06-04 11:30:00,891.8765800490515
2026-06-04 11:45:00,897.1987851048259
2026-06-04 12:00:00,894.9602830746302
2026-06-04 12:15:00,905.4817548595776
2026-06-04 12:30:00,909.323577565863
2026-06-04 12:45:00,910.8500617878273
2026-06-04 13:00:00,908.3503158136041
2026-06-04 13:15:00,903.151049084431
2026-06-04 13:30:00,911.14716274378
2026-06-04 13:45:00,914.620170470262
2026-06-04 14:00:00,916.6588977197309
2026-06-04 14:15:00,912.8990338978462
2026-06-04 14:30:00,907.8483176466494
2026-06-04 14:45:00,908.9137831438593
2026-06-04 15:00:00,916.4181434968036
2026-06-04 15:15:00,911.2188767676306
2026-06-04 15:30:00,909.3901691594386
2026-06-04 15:45:00,910.2661047364718
2026-06-04 16:00:00,907.8688073677496
2026-06-04 16:15:00,906.7265054164139
2026-06-04 16:30:00,910.716878600676
2026-06-04 16:45:00,907.797093343899
2026-06-04 17:00:00,907.9968681246257
2026-06-04 17:15:00,903.8938014743128
2026-06-04 17:30:00,900.4771404808563
2026-06-04 17:45:00,905.6712847797543
2026-06-04 18:00:00,901.7679929101682
2026-06-04 18:15:00,911.5723244566088
2026-06-04 18:30:00,909.1647822273366
2026-06-04 18:45:00,909.8870448961183
2026-06-04 19:00:00,910.517103819949
2026-06-04 19:15:00,914.3333143748595
2026-06-04 19:30:00,911.0293468474538
2026-06-04 19:45:00,910.2251252942714
2026-06-04 20:00:00,907.9968681246257
2026-06-04 20:15:00,906.7982194402647
2026-06-04 20:30:00,907.9712559732505
2026-06-04 20:45:00,909.1699046576117
2026-06-04 21:00:00,910.9268982419528
2026-06-04 21:15:00,906.6394241017382
2026-06-04 21:30:00,905.5278567320529
2026-06-04 21:45:00,902.1624200413469
2026-06-04 22:00:00,899.9085507203259
2026-06-04 22:15:00,901.4196676514649
2026-06-04 22:30:00,901.7833602009933
2026-06-04 22:45:00,906.0196100384575
2026-06-04 23:00:00,906.7572399980644
2026-06-04 23:15:00,902.0189919936455
2026-06-04 23:30:00,906.6035670898128
2026-06-04 23:45:00,907.0645858145672
2026-06-05 00:00:00,903.581333227535
2026-06-05 00:15:00,908.0941942998517
2026-06-05 00:30:00,906.0554670503828
2026-06-05 00:45:00,901.2506274523884
2026-06-05 01:00:00,899.6216946249233
2026-06-05 01:15:00,899.165798330444
2026-06-05 01:30:00,900.34907972398
2026-06-05 01:45:00,898.1310674148845
2026-06-05 02:00:00,895.0832214012314
2026-06-05 02:15:00,889.4639153895043
2026-06-05 02:30:00,889.0694882583257
2026-06-05 02:45:00,886.3033759098
2026-06-05 03:00:00,883.383590653023
2026-06-05 03:15:00,886.400702085026
2026-06-05 03:30:00,886.9283124033559
2026-06-05 03:45:00,886.0318871052226
2026-06-05 04:00:00,884.5873617676592
2026-06-05 04:15:00,889.545874273905
2026-06-05 04:30:00,886.3597226428255
2026-06-05 04:45:00,893.6796755058683
2026-06-05 05:00:00,887.604473199662
2026-06-05 05:15:00,888.7314078601726
2026-06-05 05:30:00,870.5314130929291
2026-06-05 05:45:00,862.6992172023818
2026-06-05 06:00:00,856.3166690796727
2026-06-05 06:15:00,842.5936783728207
2026-06-05 06:30:00,852.8590286440157
2026-06-05 06:45:00,848.5408199221507
2026-06-05 07:00:00,839.064323913313
2026-06-05 07:15:00,849.0172059377301
2026-06-05 07:30:00,857.6075215089846
2026-06-05 07:45:00,860.1636142162332
2026-06-05 08:00:00,855.1999792797122
2026-06-05 08:15:00,857.0645438998296
2026-06-05 08:30:00,853.9347390017756
2026-06-05 08:45:00,852.3058061743104
2026-06-05 09:00:00,864.2052117032456
2026-06-05 09:15:00,863.0987667638354
2026-06-05 09:30:00,859.7538197942295
2026-06-05 09:45:00,861.9615872427748
2026-06-05 10:00:00,859.3030459300253
2026-06-05 10:15:00,858.8471496355461
2026-06-05 10:30:00,860.6041432198873
2026-06-05 10:45:00,858.964965531872
2026-06-05 11:00:00,855.6097737017161
2026-06-05 11:15:00,859.4925758502021
2026-06-05 11:30:00,854.2472072485535
2026-06-05 11:45:00,852.0855416724835
2026-06-05 12:00:00,850.5897920321696
2026-06-05 12:15:00,852.5004585247623
2026-06-05 12:30:00,848.5561872129758
2026-06-05 12:45:00,848.9301246230543
2026-06-05 13:00:00,853.863024977925
2026-06-05 13:15:00,853.0946604366678
2026-06-05 13:30:00,847.9056385680448
2026-06-05 13:45:00,827.2929791412541
2026-06-05 14:00:00,827.6669165513325
2026-06-05 14:15:00,821.3407151616491
2026-06-05 14:30:00,824.6293153982294
2026-06-05 14:45:00,820.0805973139874
2026-06-05 15:00:00,811.495404173008
2026-06-05 15:15:00,816.909812973733
2026-06-05 15:30:00,811.8386070014361
2026-06-05 15:45:00,811.0292630179786
2026-06-05 16:00:00,813.0731126977225
2026-06-05 16:15:00,816.4180596673285
2026-06-05 16:30:00,810.9165695519275
2026-06-05 16:45:00,823.9377873110981
2026-06-05 17:00:00,819.3122327727303
2026-06-05 17:15:00,814.1693127765827
2026-06-05 17:30:00,815.9621633728493
2026-06-05 17:45:00,816.6588138902557
2026-06-05 18:00:00,814.1437006252074
2026-06-05 18:15:00,801.7883988017932
2026-06-05 18:30:00,801.6347258935417
2026-06-05 18:45:00,795.6466049020113
2026-06-05 19:00:00,794.6733431497522
2026-06-05 19:15:00,799.606243504623
2026-06-05 19:30:00,795.5697684478855
2026-06-05 19:45:00,806.3012598741099
2026-06-05 20:00:00,811.4390574399824
2026-06-05 20:15:00,816.9968942884088
2026-06-05 20:30:00,819.0766009800781
2026-06-05 20:45:00,821.3202254405489
2026-06-05 21:00:00,826.3709416917455
2026-06-05 21:15:00,825.438659381687
2026-06-05 21:30:00,826.7295118109989
2026-06-05 21:45:00,824.6088256771293
2026-06-05 22:00:00,816.5768550058549
2026-06-05 22:15:00,816.8585886709826
2026-06-05 22:30:00,819.1329477131036
2026-06-05 22:45:00,818.1238289489194
2026-06-05 23:00:00,815.7418988710223
2026-06-05 23:15:00,806.6086056906128
2026-06-05 23:30:00,805.1999373649747
2026-06-05 23:45:00,811.0856097510042
2026-06-06 00:00:00,818.748765442475
2026-06-06 00:15:00,817.4118111406876
2026-06-06 00:30:00,816.1312035719259
2026-06-06 00:45:00,816.0185101058747
2026-06-06 01:00:00,812.1100958060136
2026-06-06 01:15:00,815.8904493489986
2026-06-06 01:30:00,811.602975208784
2026-06-06 01:45:00,810.9626714244031
2026-06-06 02:00:00,807.1157262878424
2026-06-06 02:15:00,805.6865682411042
2026-06-06 02:30:00,807.7048057694728
2026-06-06 02:45:00,807.39745995297
2026-06-06 03:00:00,804.6211027438943
2026-06-06 03:15:00,802.5004166100248
2026-06-06 03:30:00,800.4924239422062
2026-06-06 03:45:00,800.810014619259
2026-06-06 04:00:00,789.7916670976321
2026-06-06 04:15:00,785.673233156494
2026-06-06 04:30:00,778.8655233209561
2026-06-06 04:45:00,779.9207439576157
2026-06-06 05:00:00,778.0817914888738
2026-06-06 05:15:00,793.7717954213439
2026-06-06 05:30:00,799.2988976881202
2026-06-06 05:45:00,802.53627362195
2026-06-06 06:00:00,807.4230721043452
2026-06-06 06:15:00,806.644462702538
2026-06-06 06:30:00,800.907340794485
2026-06-06 06:45:00,799.1810817917941
2026-06-06 07:00:00,806.5010346548368
2026-06-06 07:15:00,803.1919446971561
2026-06-06 07:30:00,807.730417920848
2026-06-06 07:45:00,806.8544823438151
2026-06-06 08:00:00,808.47317031073
2026-06-06 08:15:00,812.3406051683908
2026-06-06 08:30:00,813.2421528967991
2026-06-06 08:45:00,810.6604480381752
2026-06-06 09:00:00,809.8203694730674
2026-06-06 09:15:00,813.016765964697
2026-06-06 09:30:00,809.0724946529106
2026-06-06 09:45:00,804.575000871419
2026-06-06 10:00:00,797.234558287276
2026-06-06 10:15:00,796.2510516744669
2026-06-06 10:30:00,791.1030092480444
2026-06-06 10:45:00,793.0905121947627
2026-06-06 11:00:00,796.3535002799679
2026-06-06 11:15:00,801.2556660531882
2026-06-06 11:30:00,799.498672468847
2026-06-06 11:45:00,798.530533146863
2026-06-06 12:00:00,801.0354015513611
2026-06-06 12:15:00,796.4969283276693
2026-06-06 12:30:00,800.2311799981787
2026-06-06 12:45:00,804.8977139787469
2026-06-06 13:00:00,803.3814746173329
2026-06-06 13:15:00,800.0109154963517
2026-06-06 13:30:00,801.0610137027363
2026-06-06 13:45:00,797.5777611157042
2026-06-06 14:00:00,799.6677126679234
2026-06-06 14:15:00,799.6318556559982
2026-06-06 14:30:00,800.8509940614595
2026-06-06 14:45:00,797.9209639441324
2026-06-06 15:00:00,794.9038525121294
2026-06-06 15:15:00,796.9425797615983
2026-06-06 15:30:00,800.9431978064102
2026-06-06 15:45:00,799.3296322697704
2026-06-06 16:00:00,799.4781827477468
2026-06-06 16:15:00,797.2909050203016
2026-06-06 16:30:00,800.0211603569018
2026-06-06 16:45:00,800.9278305155851
2026-06-06 17:00:00,800.3131388825794
2026-06-06 17:15:00,799.0940004771182
2026-06-06 17:30:00,797.1730891239754
2026-06-06 17:45:00,795.7900329497127
2026-06-06 18:00:00,795.0011786873554
2026-06-06 18:15:00,801.0558912724613
2026-06-06 18:30:00,797.7929031872562
2026-06-06 18:45:00,797.347251753327
2026-06-06 19:00:00,799.283530397295
2026-06-06 19:15:00,797.121864821225
2026-06-06 19:30:00,796.6659685267457
2026-06-06 19:45:00,796.3125208377675
2026-06-06 20:00:00,795.5748908781605
2026-06-06 20:15:00,795.3341366552335
2026-06-06 20:30:00,798.7405527881399
2026-06-06 20:45:00,797.8748620716569
2026-06-06 21:00:00,799.611365934898
2026-06-06 21:15:00,799.8777323092005
2026-06-06 21:30:00,799.7035696798489
2026-06-06 21:45:00,798.1770854578848
2026-06-06 22:00:00,796.9989264946239
2026-06-06 22:15:00,795.7592983680623
2026-06-06 22:30:00,797.8031480478063
2026-06-06 22:45:00,798.2436770514603
2026-06-06 23:00:00,800.471934221106
2026-06-06 23:15:00,799.4167135844461
2026-06-06 23:30:00,803.0485166494548
2026-06-06 23:45:00,804.0627578439143
2026-06-07 00:00:00,802.208438084347
2026-06-07 00:15:00,802.4440698769992
2026-06-07 00:30:00,802.0445203155455
2026-06-07 00:45:00,801.6757053357421
2026-06-07 01:00:00,812.7401547298446
2026-06-07 01:15:00,816.8042089511828
2026-06-07 01:30:00,816.8042089511828
2026-06-07 01:45:00,816.8042089511828
2026-06-07 02:00:00,816.8042089511828
2026-06-07 02:15:00,816.8042089511828
2026-06-07 02:30:00,816.8042089511828
2026-06-07 02:45:00,816.8042089511828
2026-06-07 03:00:00,816.8042089511828
2026-06-07 03:15:00,816.8042089511828
2026-06-07 03:30:00,816.8042089511828
2026-06-07 03:45:00,816.8042089511828
2026-06-07 04:00:00,816.8042089511828
2026-06-07 04:15:00,816.8042089511828
2026-06-07 04:30:00,816.8042089511828
2026-06-07 04:45:00,816.8042089511828
2026-06-07 05:00:00,816.8042089511828
2026-06-07 05:15:00,816.8042089511828
2026-06-07 05:30:00,816.8042089511828
2026-06-07 05:45:00,816.8042089511828
2026-06-07 06:00:00,816.8042089511828
2026-06-07 06:15:00,816.8042089511828
2026-06-07 06:30:00,816.8042089511828
2026-06-07 06:45:00,816.8042089511828
2026-06-07 07:00:00,816.8042089511828
2026-06-07 07:15:00,816.8042089511828
2026-06-07 07:30:00,816.8042089511828
2026-06-07 07:45:00,816.8042089511828
2026-06-07 08:00:00,816.8042089511828
2026-06-07 08:15:00,816.8042089511828
2026-06-07 08:30:00,816.8042089511828
2026-06-07 08:45:00,816.8042089511828
2026-06-07 09:00:00,816.8042089511828
2026-06-07 09:15:00,816.8042089511828
2026-06-07 09:30:00,816.8042089511828
2026-06-07 09:45:00,816.8042089511828
2026-06-07 10:00:00,816.8042089511828
2026-06-07 10:15:00,816.8042089511828
2026-06-07 10:30:00,816.8042089511828
2026-06-07 10:45:00,816.8042089511828
2026-06-07 11:00:00,816.8042089511828
2026-06-07 11:15:00,816.8042089511828
2026-06-07 11:30:00,816.8042089511828
2026-06-07 11:45:00,816.8042089511828
2026-06-07 12:00:00,816.8042089511828
2026-06-07 12:15:00,816.8042089511828
2026-06-07 12:30:00,816.8042089511828
2026-06-07 12:45:00,816.8042089511828
2026-06-07 13:00:00,816.8042089511828
2026-06-07 13:15:00,816.8042089511828
2026-06-07 13:30:00,816.8042089511828
2026-06-07 13:45:00,816.8042089511828
2026-06-07 14:00:00,816.8042089511828
2026-06-07 14:15:00,816.8042089511828
2026-06-07 14:30:00,816.8042089511828
2026-06-07 14:45:00,816.8042089511828
2026-06-07 15:00:00,816.8042089511828
2026-06-07 15:15:00,816.8042089511828
2026-06-07 15:30:00,816.8042089511828
2026-06-07 15:45:00,816.8042089511828
2026-06-07 16:00:00,816.8042089511828
2026-06-07 16:15:00,816.8042089511828
2026-06-07 16:30:00,816.8042089511828
2026-06-07 16:45:00,816.8042089511828
2026-06-07 17:00:00,816.8042089511828
2026-06-07 17:15:00,816.8042089511828
2026-06-07 17:30:00,816.8042089511828
2026-06-07 17:45:00,816.8042089511828
2026-06-07 18:00:00,816.8042089511828
2026-06-07 18:15:00,816.8042089511828
2026-06-07 18:30:00,816.8042089511828
2026-06-07 18:45:00,816.8042089511828
2026-06-07 19:00:00,816.8042089511828
2026-06-07 19:15:00,816.8042089511828
2026-06-07 19:30:00,816.8042089511828
2026-06-07 19:45:00,816.8042089511828
2026-06-07 20:00:00,816.8042089511828
2026-06-07 20:15:00,816.8042089511828
2026-06-07 20:30:00,816.8042089511828
2026-06-07 20:45:00,816.8042089511828
2026-06-07 21:00:00,816.8042089511828
2026-06-07 21:15:00,816.8042089511828
2026-06-07 21:30:00,816.8042089511828
2026-06-07 21:45:00,816.8042089511828
2026-06-07 22:00:00,816.8042089511828
2026-06-07 22:15:00,816.8042089511828
2026-06-07 22:30:00,816.8042089511828
2026-06-07 22:45:00,816.8042089511828
2026-06-07 23:00:00,816.8042089511828
2026-06-07 23:15:00,816.8042089511828
2026-06-07 23:30:00,816.8042089511828
2026-06-07 23:45:00,816.8042089511828
2026-06-08 00:00:00,816.8042089511828
2026-06-08 00:15:00,816.8042089511828
2026-06-08 00:30:00,816.8042089511828
2026-06-08 00:45:00,816.8042089511828
2026-06-08 01:00:00,816.8042089511828
2026-06-08 01:15:00,816.8042089511828
2026-06-08 01:30:00,816.8042089511828
2026-06-08 01:45:00,816.8042089511828
2026-06-08 02:00:00,816.8042089511828
2026-06-08 02:15:00,816.8042089511828
2026-06-08 02:30:00,816.8042089511828
2026-06-08 02:45:00,816.8042089511828
2026-06-08 03:00:00,816.8042089511828
2026-06-08 03:15:00,816.8042089511828
2026-06-08 03:30:00,816.8042089511828
2026-06-08 03:45:00,816.8042089511828
2026-06-08 04:00:00,816.8042089511828
2026-06-08 04:15:00,816.8042089511828
2026-06-08 04:30:00,816.8042089511828
2026-06-08 04:45:00,816.8042089511828
2026-06-08 05:00:00,815.9874047422315
2026-06-08 05:15:00,819.8320840107052
2026-06-08 05:30:00,815.200655702737
2026-06-08 05:45:00,818.2585859317161
2026-06-08 06:00:00,823.1819525625156
2026-06-08 06:15:00,825.304690537001
2026-06-08 06:30:00,824.7950354988378
2026-06-08 06:45:00,824.7950354988378
2026-06-08 07:00:00,824.7950354988378
2026-06-08 07:15:00,824.7950354988378
2026-06-08 07:30:00,824.7950354988378
2026-06-08 07:45:00,824.7950354988378
2026-06-08 08:00:00,824.7950354988378
2026-06-08 08:15:00,824.7950354988378
2026-06-08 08:30:00,824.7950354988378
2026-06-08 08:45:00,824.7950354988378
2026-06-08 09:00:00,824.7950354988378
2026-06-08 09:15:00,824.7950354988378
2026-06-08 09:30:00,824.7950354988378
2026-06-08 09:45:00,824.7950354988378
2026-06-08 10:00:00,824.7950354988378
2026-06-08 10:15:00,824.7950354988378
2026-06-08 10:30:00,824.7950354988378
2026-06-08 10:45:00,824.7950354988378
2026-06-08 11:00:00,824.7950354988378
2026-06-08 11:15:00,824.7950354988378
2026-06-08 11:30:00,824.7950354988378
2026-06-08 11:45:00,824.7950354988378
2026-06-08 12:00:00,824.7950354988378
2026-06-08 12:15:00,824.7950354988378
2026-06-08 12:30:00,824.7950354988378
2026-06-08 12:45:00,824.7950354988378
2026-06-08 13:00:00,824.7950354988378
2026-06-08 13:15:00,824.7950354988378
2026-06-08 13:30:00,824.7950354988378
2026-06-08 13:45:00,824.7950354988378
2026-06-08 14:00:00,824.7950354988378
2026-06-08 14:15:00,824.7950354988378
2026-06-08 14:30:00,824.7950354988378
2026-06-08 14:45:00,824.7950354988378
2026-06-08 15:00:00,824.7950354988378
2026-06-08 15:15:00,824.7950354988378
2026-06-08 15:30:00,824.7950354988378
2026-06-08 15:45:00,824.7950354988378
2026-06-08 16:00:00,824.7950354988378
2026-06-08 16:15:00,824.7950354988378
2026-06-08 16:30:00,824.7950354988378
2026-06-08 16:45:00,824.7950354988378
2026-06-08 17:00:00,824.7950354988378
2026-06-08 17:15:00,824.7950354988378
2026-06-08 17:30:00,824.7950354988378
2026-06-08 17:45:00,824.7950354988378
2026-06-08 18:00:00,824.7950354988378
2026-06-08 18:15:00,824.7950354988378
2026-06-08 18:30:00,824.7950354988378
2026-06-08 18:45:00,824.7950354988378
2026-06-08 19:00:00,824.7950354988378
2026-06-08 19:15:00,824.7950354988378
2026-06-08 19:30:00,824.7950354988378
2026-06-08 19:45:00,824.7950354988378
2026-06-08 20:00:00,824.7950354988378
2026-06-08 20:15:00,824.7950354988378
2026-06-08 20:30:00,824.7950354988378
2026-06-08 20:45:00,824.7950354988378
2026-06-08 21:00:00,824.7950354988378
2026-06-08 21:15:00,824.7950354988378
2026-06-08 21:30:00,824.7950354988378
2026-06-08 21:45:00,824.7950354988378
2026-06-08 22:00:00,824.7950354988378
2026-06-08 22:15:00,824.7950354988378
2026-06-08 22:30:00,824.7950354988378
2026-06-08 22:45:00,824.7950354988378
2026-06-08 23:00:00,824.7950354988378
2026-06-08 23:15:00,824.7950354988378
2026-06-08 23:30:00,824.7950354988378
2026-06-08 23:45:00,824.7950354988378
2026-06-09 00:00:00,824.7950354988378
2026-06-09 00:15:00,824.7950354988378
2026-06-09 00:30:00,824.7950354988378
2026-06-09 00:45:00,824.7950354988378
2026-06-09 01:00:00,824.7950354988378
2026-06-09 01:15:00,824.7950354988378
2026-06-09 01:30:00,824.7950354988378
2026-06-09 01:45:00,824.7950354988378
2026-06-09 02:00:00,824.7950354988378
2026-06-09 02:15:00,824.7950354988378
2026-06-09 02:30:00,823.970240463339
2026-06-09 02:45:00,827.0197048674273
2026-06-09 03:00:00,827.5205112167166
2026-06-09 03:15:00,827.3965492490707
2026-06-09 03:30:00,827.3172135897773
2026-06-09 03:45:00,827.7882690668316
2026-06-09 04:00:00,828.046109959535
2026-06-09 04:15:00,826.1718050087296
2026-06-09 04:30:00,835.05948636912
2026-06-09 04:45:00,835.05948636912
2026-06-09 05:00:00,835.05948636912
2026-06-09 05:15:00,835.05948636912
2026-06-09 05:30:00,835.05948636912
2026-06-09 05:45:00,835.05948636912
2026-06-09 06:00:00,835.05948636912
2026-06-09 06:15:00,835.05948636912
2026-06-09 06:30:00,835.05948636912
2026-06-09 06:45:00,835.05948636912
2026-06-09 07:00:00,835.05948636912
2026-06-09 07:15:00,835.05948636912
2026-06-09 07:30:00,835.05948636912
2026-06-09 07:45:00,835.05948636912
2026-06-09 08:00:00,835.05948636912
2026-06-09 08:15:00,835.05948636912
2026-06-09 08:30:00,835.05948636912
2026-06-09 08:45:00,835.05948636912
2026-06-09 09:00:00,835.05948636912
2026-06-09 09:15:00,835.05948636912
2026-06-09 09:30:00,835.05948636912
2026-06-09 09:45:00,835.05948636912
2026-06-09 10:00:00,835.05948636912
2026-06-09 10:15:00,835.05948636912
2026-06-09 10:30:00,835.05948636912
2026-06-09 10:45:00,835.05948636912
2026-06-09 11:00:00,835.05948636912
2026-06-09 11:15:00,835.05948636912
2026-06-09 11:30:00,835.05948636912
2026-06-09 11:45:00,835.05948636912
2026-06-09 12:00:00,835.05948636912
2026-06-09 12:15:00,835.05948636912
2026-06-09 12:30:00,835.05948636912
2026-06-09 12:45:00,835.05948636912
2026-06-09 13:00:00,835.05948636912
2026-06-09 13:15:00,835.05948636912
2026-06-09 13:30:00,835.05948636912
2026-06-09 13:45:00,835.05948636912
2026-06-09 14:00:00,835.05948636912
2026-06-09 14:15:00,835.05948636912
2026-06-09 14:30:00,835.05948636912
2026-06-09 14:45:00,835.05948636912
2026-06-09 15:00:00,835.05948636912
2026-06-09 15:15:00,835.05948636912
2026-06-09 15:30:00,835.05948636912
2026-06-09 15:45:00,835.05948636912
2026-06-09 16:00:00,835.05948636912
2026-06-09 16:15:00,835.05948636912
2026-06-09 16:30:00,835.05948636912
2026-06-09 16:45:00,835.05948636912
2026-06-09 17:00:00,835.05948636912
2026-06-09 17:15:00,835.05948636912
2026-06-09 17:30:00,835.05948636912
2026-06-09 17:45:00,835.05948636912
2026-06-09 18:00:00,835.05948636912
2026-06-09 18:15:00,835.05948636912
2026-06-09 18:30:00,835.05948636912
2026-06-09 18:45:00,835.05948636912
2026-06-09 19:00:00,835.05948636912
2026-06-09 19:15:00,835.05948636912
2026-06-09 19:30:00,835.05948636912
2026-06-09 19:45:00,835.05948636912
2026-06-09 20:00:00,835.05948636912
2026-06-09 20:15:00,835.05948636912
2026-06-09 20:30:00,835.05948636912
2026-06-09 20:45:00,835.05948636912
2026-06-09 21:00:00,835.05948636912
2026-06-09 21:15:00,835.05948636912
2026-06-09 21:30:00,835.05948636912
2026-06-09 21:45:00,835.05948636912
2026-06-09 22:00:00,835.05948636912
2026-06-09 22:15:00,835.05948636912
2026-06-09 22:30:00,835.05948636912
2026-06-09 22:45:00,835.05948636912
2026-06-09 23:00:00,835.05948636912
2026-06-09 23:15:00,835.05948636912
2026-06-09 23:30:00,834.224426882751
2026-06-09 23:45:00,835.3453401673514
2026-06-10 00:00:00,836.9095237054075
2026-06-10 00:15:00,837.3731742004014
2026-06-10 00:30:00,831.6819917508617
2026-06-10 00:45:00,838.5144677265401
2026-06-10 01:00:00,837.0572804565595
2026-06-10 01:15:00,836.7464817731021
2026-06-10 01:30:00,833.1340839604578
2026-06-10 01:45:00,835.0702069065859
2026-06-10 02:00:00,832.5430569558503
2026-06-10 02:15:00,831.1724857124069
2026-06-10 02:30:00,828.2428259912921
2026-06-10 02:45:00,827.5498977789937
2026-06-10 03:00:00,829.5879219328127
2026-06-10 03:15:00,833.7149208442962
2026-06-10 03:30:00,831.0502042631778
2026-06-10 03:45:00,830.912637632795
2026-06-10 04:00:00,830.6222191908759
2026-06-10 04:15:00,830.7292154589513
2026-06-10 04:30:00,827.59065826207
2026-06-10 04:45:00,828.446628406674
2026-06-10 05:00:00,826.6633572720823
2026-06-10 05:15:00,828.4517234670585
2026-06-10 05:30:00,828.0899741797557
2026-06-10 05:45:00,829.4707355439681
2026-06-10 06:00:00,829.8375798916555
2026-06-10 06:15:00,829.9038156766546
2026-06-10 06:30:00,831.2540066785598
2026-06-10 06:45:00,831.554615241248
2026-06-10 07:00:00,832.4411557481593
2026-06-10 07:15:00,833.9492936219855
2026-06-10 07:30:00,835.2989394524294
2026-06-10 07:45:00,835.2989394524294
2026-06-10 08:00:00,835.2989394524294
2026-06-10 08:15:00,835.2989394524294
2026-06-10 08:30:00,835.2989394524294
2026-06-10 08:45:00,835.2989394524294
2026-06-10 09:00:00,835.2989394524294
2026-06-10 09:15:00,835.2989394524294
2026-06-10 09:30:00,835.2989394524294
2026-06-10 09:45:00,835.2989394524294
2026-06-10 10:00:00,835.2989394524294
2026-06-10 10:15:00,835.2989394524294
2026-06-10 10:30:00,835.2989394524294
2026-06-10 10:45:00,835.2989394524294
2026-06-10 11:00:00,835.2989394524294
2026-06-10 11:15:00,835.2989394524294
2026-06-10 11:30:00,835.2989394524294
2026-06-10 11:45:00,835.2989394524294
2026-06-10 12:00:00,835.2989394524294
2026-06-10 12:15:00,835.2989394524294
2026-06-10 12:30:00,835.2989394524294
2026-06-10 12:45:00,835.2989394524294
2026-06-10 13:00:00,835.2989394524294
2026-06-10 13:15:00,835.2989394524294
2026-06-10 13:30:00,835.2989394524294
2026-06-10 13:45:00,835.2989394524294
2026-06-10 14:00:00,835.2989394524294
2026-06-10 14:15:00,835.2989394524294
2026-06-10 14:30:00,835.2989394524294
2026-06-10 14:45:00,835.2989394524294
2026-06-10 15:00:00,835.2989394524294
2026-06-10 15:15:00,835.2989394524294
2026-06-10 15:30:00,835.2989394524294
2026-06-10 15:45:00,835.2989394524294
2026-06-10 16:00:00,835.2989394524294
2026-06-10 16:15:00,835.2989394524294
2026-06-10 16:30:00,835.2989394524294
2026-06-10 16:45:00,835.2989394524294
2026-06-10 17:00:00,835.2989394524294
2026-06-10 17:15:00,835.2989394524294
2026-06-10 17:30:00,835.2989394524294
2026-06-10 17:45:00,835.2989394524294
2026-06-10 18:00:00,835.2989394524294
2026-06-10 18:15:00,835.2989394524294
2026-06-10 18:30:00,835.2989394524294
2026-06-10 18:45:00,835.2989394524294
2026-06-10 19:00:00,835.2989394524294
2026-06-10 19:15:00,835.2989394524294
2026-06-10 19:30:00,835.2989394524294
2026-06-10 19:45:00,835.2989394524294
2026-06-10 20:00:00,835.2989394524294
2026-06-10 20:15:00,835.2989394524294
2026-06-10 20:30:00,835.2989394524294
2026-06-10 20:45:00,835.2989394524294
2026-06-10 21:00:00,835.2989394524294
2026-06-10 21:15:00,835.2989394524294
2026-06-10 21:30:00,835.2989394524294
2026-06-10 21:45:00,835.2989394524294
2026-06-10 22:00:00,835.2989394524294
2026-06-10 22:15:00,835.2989394524294
2026-06-10 22:30:00,835.2989394524294
2026-06-10 22:45:00,835.2989394524294
2026-06-10 23:00:00,835.2989394524294
2026-06-10 23:15:00,835.2989394524294
2026-06-10 23:30:00,835.2989394524294
2026-06-10 23:45:00,835.2989394524294
2026-06-11 00:00:00,835.2989394524294
2026-06-11 00:15:00,835.2989394524294
2026-06-11 00:30:00,835.2989394524294
2026-06-11 00:45:00,835.2989394524294
2026-06-11 01:00:00,835.2989394524294
2026-06-11 01:15:00,835.2989394524294
2026-06-11 01:30:00,835.2989394524294
2026-06-11 01:45:00,835.2989394524294
2026-06-11 02:00:00,835.2989394524294
2026-06-11 02:15:00,835.2989394524294
2026-06-11 02:30:00,835.2989394524294
2026-06-11 02:45:00,835.2989394524294
2026-06-11 03:00:00,835.2989394524294
2026-06-11 03:15:00,835.2989394524294
2026-06-11 03:30:00,835.2989394524294
2026-06-11 03:45:00,835.2989394524294
2026-06-11 04:00:00,835.2989394524294
2026-06-11 04:15:00,835.2989394524294
2026-06-11 04:30:00,835.2989394524294
2026-06-11 04:45:00,835.2989394524294
2026-06-11 05:00:00,835.2989394524294
2026-06-11 05:15:00,835.2989394524294
2026-06-11 05:30:00,835.2989394524294
2026-06-11 05:45:00,835.2989394524294
2026-06-11 06:00:00,835.2989394524294
2026-06-11 06:15:00,835.2989394524294
2026-06-11 06:30:00,835.2989394524294
2026-06-11 06:45:00,835.2989394524294
2026-06-11 07:00:00,835.2989394524294
2026-06-11 07:15:00,835.2989394524294
2026-06-11 07:30:00,835.2989394524294
2026-06-11 07:45:00,835.2989394524294
2026-06-11 08:00:00,835.2989394524294
2026-06-11 08:15:00,835.2989394524294
2026-06-11 08:30:00,835.2989394524294
2026-06-11 08:45:00,835.2989394524294
2026-06-11 09:00:00,835.2989394524294
2026-06-11 09:15:00,835.2989394524294
2026-06-11 09:30:00,835.2989394524294
2026-06-11 09:45:00,835.2989394524294
2026-06-11 10:00:00,835.2989394524294
2026-06-11 10:15:00,835.2989394524294
2026-06-11 10:30:00,835.2989394524294
2026-06-11 10:45:00,835.2989394524294
2026-06-11 11:00:00,835.2989394524294
2026-06-11 11:15:00,835.2989394524294
2026-06-11 11:30:00,835.2989394524294
2026-06-11 11:45:00,835.2989394524294
2026-06-11 12:00:00,835.2989394524294
2026-06-11 12:15:00,835.2989394524294
2026-06-11 12:30:00,835.2989394524294
2026-06-11 12:45:00,835.2989394524294
2026-06-11 13:00:00,835.2989394524294
2026-06-11 13:15:00,835.2989394524294
2026-06-11 13:30:00,835.2989394524294
2026-06-11 13:45:00,835.2989394524294
2026-06-11 14:00:00,835.2989394524294
2026-06-11 14:15:00,835.2989394524294
2026-06-11 14:30:00,835.2989394524294
2026-06-11 14:45:00,835.2989394524294
2026-06-11 15:00:00,835.2989394524294
2026-06-11 15:15:00,835.2989394524294
2026-06-11 15:30:00,835.2989394524294
2026-06-11 15:45:00,835.2989394524294
2026-06-11 16:00:00,835.2989394524294
2026-06-11 16:15:00,835.2989394524294
2026-06-11 16:30:00,835.2989394524294
2026-06-11 16:45:00,835.2989394524294
2026-06-11 17:00:00,835.2989394524294
2026-06-11 17:15:00,835.2989394524294
2026-06-11 17:30:00,835.2989394524294
2026-06-11 17:45:00,835.2989394524294
2026-06-11 18:00:00,835.2989394524294
2026-06-11 18:15:00,835.2989394524294
2026-06-11 18:30:00,835.2989394524294
2026-06-11 18:45:00,835.2989394524294
2026-06-11 19:00:00,835.2989394524294
2026-06-11 19:15:00,835.2989394524294
2026-06-11 19:30:00,835.2989394524294
2026-06-11 19:45:00,835.2989394524294
2026-06-11 20:00:00,835.2989394524294
2026-06-11 20:15:00,835.2989394524294
2026-06-11 20:30:00,835.2989394524294
2026-06-11 20:45:00,835.2989394524294
2026-06-11 21:00:00,835.2989394524294
2026-06-11 21:15:00,835.2989394524294
2026-06-11 21:30:00,835.2989394524294
2026-06-11 21:45:00,835.2989394524294
2026-06-11 22:00:00,835.2989394524294
2026-06-11 22:15:00,835.2989394524294
2026-06-11 22:30:00,835.2989394524294
2026-06-11 22:45:00,835.2989394524294
2026-06-11 23:00:00,835.2989394524294
2026-06-11 23:15:00,835.2989394524294
2026-06-11 23:30:00,835.2989394524294
2026-06-11 23:45:00,835.2989394524294
2026-06-12 00:00:00,835.2989394524294
2026-06-12 00:15:00,835.2989394524294
2026-06-12 00:30:00,835.2989394524294
2026-06-12 00:45:00,835.2989394524294
2026-06-12 01:00:00,835.2989394524294
2026-06-12 01:15:00,835.2989394524294
2026-06-12 01:30:00,835.2989394524294
2026-06-12 01:45:00,835.2989394524294
2026-06-12 02:00:00,835.2989394524294
2026-06-12 02:15:00,835.2989394524294
2026-06-12 02:30:00,835.2989394524294
2026-06-12 02:45:00,835.2989394524294
2026-06-12 03:00:00,835.2989394524294
2026-06-12 03:15:00,835.2989394524294
2026-06-12 03:30:00,835.2989394524294
2026-06-12 03:45:00,835.2989394524294
2026-06-12 04:00:00,835.2989394524294
2026-06-12 04:15:00,835.2989394524294
2026-06-12 04:30:00,835.2989394524294
2026-06-12 04:45:00,835.2989394524294
2026-06-12 05:00:00,835.2989394524294
2026-06-12 05:15:00,835.2989394524294
2026-06-12 05:30:00,835.2989394524294
2026-06-12 05:45:00,835.2989394524294
2026-06-12 06:00:00,835.2989394524294
2026-06-12 06:15:00,835.2989394524294
2026-06-12 06:30:00,835.2989394524294
2026-06-12 06:45:00,835.2989394524294
2026-06-12 07:00:00,835.2989394524294
2026-06-12 07:15:00,835.2989394524294
2026-06-12 07:30:00,835.2989394524294
2026-06-12 07:45:00,835.2989394524294
2026-06-12 08:00:00,835.2989394524294
2026-06-12 08:15:00,835.2989394524294
2026-06-12 08:30:00,835.2989394524294
2026-06-12 08:45:00,835.2989394524294
2026-06-12 09:00:00,835.2989394524294
2026-06-12 09:15:00,835.2989394524294
2026-06-12 09:30:00,835.2989394524294
2026-06-12 09:45:00,835.2989394524294
2026-06-12 10:00:00,835.2989394524294
2026-06-12 10:15:00,835.2989394524294
2026-06-12 10:30:00,835.2989394524294
2026-06-12 10:45:00,835.2989394524294
2026-06-12 11:00:00,835.2989394524294
2026-06-12 11:15:00,835.2989394524294
2026-06-12 11:30:00,835.2989394524294
2026-06-12 11:45:00,835.2989394524294
2026-06-12 12:00:00,835.2989394524294
2026-06-12 12:15:00,835.2989394524294
2026-06-12 12:30:00,835.2989394524294
2026-06-12 12:45:00,835.2989394524294
2026-06-12 13:00:00,834.4636405129771
2026-06-12 13:15:00,833.8881241875001
2026-06-12 13:30:00,829.2489621551778
2026-06-12 13:45:00,829.5442270525963
2026-06-12 14:00:00,833.9281601057942
2026-06-12 14:15:00,836.0250413264447
2026-06-12 14:30:00,835.1642690831228
2026-06-12 14:45:00,843.5768164146589
2026-06-12 15:00:00,845.8088188595518
2026-06-12 15:15:00,842.0254245807646
2026-06-12 15:30:00,836.5204858153336
2026-06-12 15:45:00,830.7853405197117
2026-06-12 16:00:00,836.4153915298117
2026-06-12 16:15:00,836.020036836658
2026-06-12 16:30:00,835.0892017363216
2026-06-12 16:45:00,837.2010964263324
2026-06-12 17:00:00,836.6055621417084
2026-06-12 17:15:00,835.9850054081508
2026-06-12 17:30:00,835.324412756299
2026-06-12 17:45:00,835.1692735729096
2026-06-12 18:00:00,834.5937572474327
2026-06-12 18:15:00,834.2534519419333
2026-06-12 18:30:00,836.6005576519217
2026-06-12 18:45:00,834.1833890849186
2026-06-12 19:00:00,835.3594441848063
2026-06-12 19:15:00,835.5145833681956
2026-06-12 19:30:00,834.0282499015293
2026-06-12 19:45:00,833.707962555177
2026-06-12 20:00:00,834.5136854108446
2026-06-12 20:15:00,833.9331645955809
2026-06-12 20:30:00,833.8030478611253
2026-06-12 20:45:00,833.2075135765015
2026-06-12 21:00:00,834.2284294929996
2026-06-12 21:15:00,833.8330747998459
2026-06-12 21:30:00,833.6479086777359
2026-06-12 21:45:00,832.8421858220682
2026-06-12 22:00:00,832.7120690876127
2026-06-12 22:15:00,833.3025988824497
2026-06-12 22:30:00,832.0164450072535
2026-06-12 22:45:00,832.0464719459741
2026-06-12 23:00:00,831.3458433758284
2026-06-12 23:15:00,831.8613058238642
2026-06-12 23:30:00,832.2466515374443
2026-06-12 23:45:00,833.9531825547281
2026-06-13 00:00:00,834.7288784716751
2026-06-13 00:15:00,834.0682858198234
2026-06-13 00:30:00,834.2134160236393
2026-06-13 00:45:00,834.483658472124
2026-06-13 01:00:00,835.1692735729096
2026-06-13 01:15:00,834.7939368389028
2026-06-13 01:30:00,836.2939025357484
2026-06-13 01:45:00,836.2939025357484
2026-06-13 02:00:00,836.2939025357484
2026-06-13 02:15:00,836.2939025357484
2026-06-13 02:30:00,836.2939025357484
2026-06-13 02:45:00,836.2939025357484
2026-06-13 03:00:00,836.2939025357484
2026-06-13 03:15:00,836.2939025357484
2026-06-13 03:30:00,836.2939025357484
2026-06-13 03:45:00,836.2939025357484
2026-06-13 04:00:00,836.2939025357484
2026-06-13 04:15:00,836.2939025357484
2026-06-13 04:30:00,836.2939025357484
2026-06-13 04:45:00,836.2939025357484
2026-06-13 05:00:00,836.2939025357484
2026-06-13 05:15:00,836.2939025357484
2026-06-13 05:30:00,836.2939025357484
2026-06-13 05:45:00,836.2939025357484
2026-06-13 06:00:00,836.2939025357484
2026-06-13 06:15:00,836.2939025357484
2026-06-13 06:30:00,836.2939025357484
2026-06-13 06:45:00,836.2939025357484
2026-06-13 07:00:00,836.2939025357484
2026-06-13 07:15:00,836.2939025357484
2026-06-13 07:30:00,836.2939025357484
2026-06-13 07:45:00,836.2939025357484
2026-06-13 08:00:00,836.2939025357484
2026-06-13 08:15:00,836.2939025357484
2026-06-13 08:30:00,836.2939025357484
2026-06-13 08:45:00,836.2939025357484
2026-06-13 09:00:00,836.2939025357484
2026-06-13 09:15:00,836.2939025357484
2026-06-13 09:30:00,836.2939025357484
2026-06-13 09:45:00,836.2939025357484
2026-06-13 10:00:00,836.2939025357484
2026-06-13 10:15:00,836.2939025357484
2026-06-13 10:30:00,836.2939025357484
2026-06-13 10:45:00,836.2939025357484
2026-06-13 11:00:00,836.2939025357484
2026-06-13 11:15:00,836.2939025357484
2026-06-13 11:30:00,836.2939025357484
